coding_minutes,tasks_completed,tasks_planned,pomodoro_sessions,pomodoro_minutes,github_commits,goal_completion_rate,focus_score,hour_of_day,day_of_week,productivity_score
75.5,5,5,2,51.5,3,85.3,73.8,19,2,58.8
6.6,2,2,0,0.0,0,62.7,26.8,6,2,21.7
41.3,0,1,0,0.0,0,17.6,40.6,19,0,15.5
142.6,3,4,1,24.5,5,86.1,61.5,9,4,74.1
81.9,7,7,3,78.2,3,83.9,57.4,19,3,62.1
112.9,5,7,4,102.6,5,74.8,65.1,14,4,78.0
283.9,5,7,5,126.2,7,77.5,81.9,17,2,91.6
76.1,4,5,6,148.0,1,73.6,81.0,12,0,69.3
6.8,1,2,0,0.0,0,33.0,23.6,10,0,13.0
12.7,0,3,1,25.0,0,4.6,25.0,11,4,8.7
146.0,3,6,5,125.4,2,70.1,55.3,1,3,67.0
20.4,1,3,0,0.0,1,31.1,30.7,23,1,18.6
8.3,1,2,1,25.0,0,28.9,60.0,18,2,23.0
137.0,2,3,5,129.1,5,91.1,81.3,15,1,79.5
15.9,2,2,0,0.0,0,68.3,33.1,5,4,26.1
151.1,3,4,4,104.9,5,81.2,53.5,16,2,81.8
140.6,2,3,1,24.0,2,88.0,51.3,17,4,54.4
96.0,0,6,0,0.0,1,27.7,45.9,21,0,22.8
244.0,7,7,5,126.0,5,100.0,83.1,7,3,94.5
251.6,8,8,8,196.7,4,96.3,85.8,7,1,89.0
115.8,4,7,1,29.3,10,71.8,72.7,11,2,67.1
266.8,8,8,2,46.4,4,100.0,81.3,14,4,86.9
92.3,3,7,5,122.5,6,47.5,77.6,17,3,62.4
206.2,7,8,9,231.9,5,95.7,83.5,7,1,94.1
174.3,3,4,3,75.8,6,83.6,41.9,7,0,76.7
251.6,4,5,6,149.3,5,91.9,86.6,11,1,94.5
122.2,2,3,2,47.8,5,77.9,44.5,14,2,61.9
81.9,3,3,1,46.0,4,91.5,71.7,21,6,60.0
11.8,1,2,2,50.0,0,33.5,17.5,12,4,23.1
90.0,1,1,1,25.0,0,87.4,23.9,16,4,43.6
31.9,1,6,0,0.0,1,26.8,46.6,17,1,20.2
166.1,5,7,2,45.1,5,83.2,88.0,17,3,85.1
141.0,3,4,6,146.9,4,83.8,92.0,19,4,84.4
194.0,8,8,4,108.4,4,100.0,87.0,9,0,93.2
157.0,6,6,7,173.8,8,99.8,84.5,17,0,93.0
40.4,2,8,0,0.0,1,30.7,66.9,8,1,28.9
175.6,4,6,4,96.0,2,76.5,62.9,10,3,76.9
168.5,3,5,11,281.0,8,68.2,100.0,21,2,82.8
221.5,2,4,8,196.0,7,74.1,90.3,7,3,78.9
70.8,4,11,2,40.0,1,39.0,28.1,11,4,35.3
122.2,4,5,3,75.3,4,89.6,88.1,13,1,70.0
84.9,2,8,1,20.0,0,47.2,58.5,8,4,34.7
160.3,2,5,3,76.1,2,60.3,80.4,9,3,63.3
143.1,4,5,1,37.4,4,91.8,82.2,16,5,69.8
90.8,2,4,0,-1.7,4,66.9,66.0,10,3,47.3
59.9,4,7,3,76.6,2,53.6,60.4,9,0,49.7
126.3,3,5,5,122.9,6,75.1,63.2,7,3,72.6
57.0,2,11,1,26.0,0,25.4,55.1,12,5,26.0
234.5,6,9,3,79.5,11,84.1,82.2,9,3,86.7
37.8,1,1,0,0.0,2,81.2,53.8,9,4,42.6
60.6,3,9,2,40.0,2,39.9,49.9,8,1,28.2
165.1,5,6,6,147.5,6,86.1,78.7,8,4,93.6
123.8,3,3,5,126.2,3,100.0,72.1,11,3,83.3
259.3,4,4,10,252.3,7,95.7,81.2,7,2,99.1
10.4,0,2,0,0.0,0,8.7,55.2,20,5,9.1
39.5,3,4,1,25.4,5,58.4,78.6,17,2,54.6
92.7,2,6,4,96.1,2,46.1,46.8,11,2,47.4
158.7,4,9,3,78.5,7,76.5,91.1,15,6,80.0
8.7,1,7,0,0.0,1,12.1,33.2,23,2,9.4
49.5,0,1,2,50.0,0,16.7,43.8,17,0,20.5
39.8,3,7,0,0.0,2,40.0,59.4,8,6,30.1
84.6,3,5,0,0.0,1,68.4,52.1,16,3,40.9
288.4,7,7,8,206.4,8,100.0,88.7,16,0,98.0
100.8,1,4,5,128.2,3,48.1,71.5,13,0,50.8
64.3,1,7,0,0.0,2,32.6,46.5,7,6,24.7
155.9,4,4,1,23.7,8,96.2,67.5,14,2,81.9
116.4,2,3,3,76.5,4,86.7,87.3,18,0,64.2
168.6,4,6,1,21.0,3,86.0,78.9,20,2,69.6
84.9,7,7,4,101.9,2,89.2,70.5,0,3,67.8
273.3,5,6,5,126.6,10,84.8,90.5,14,3,100.0
141.5,9,9,9,233.0,11,100.0,82.2,12,3,94.9
5.0,2,2,0,0.0,1,60.2,43.2,15,0,33.9
67.6,6,6,3,79.0,7,77.9,84.7,13,1,72.1
124.6,3,5,6,146.1,1,76.2,78.7,10,1,68.7
206.0,5,5,3,84.6,6,100.0,80.1,12,1,97.3
7.4,1,1,2,50.0,1,60.7,22.8,9,0,35.7
94.6,5,7,1,47.6,4,75.6,56.3,15,5,59.1
151.6,3,3,1,23.2,4,97.4,65.3,18,4,67.2
163.6,3,3,3,73.4,4,100.0,88.4,7,1,83.4
247.9,3,4,4,102.8,10,86.3,88.2,19,3,89.8
35.3,3,10,0,0.0,2,30.0,42.9,10,1,27.3
166.0,3,3,5,126.2,4,99.3,66.4,9,1,88.5
58.5,5,7,4,99.3,4,64.6,73.2,14,0,67.0
155.0,3,4,7,176.9,5,88.5,80.3,7,1,77.6
93.0,4,4,6,149.0,6,91.8,76.3,19,0,77.8
27.9,1,6,0,0.0,0,24.5,32.5,16,0,15.1
73.5,7,11,1,20.0,1,60.9,37.6,18,1,43.0
40.0,1,5,0,0.0,0,28.2,58.9,17,4,21.0
79.1,6,7,5,122.3,2,80.4,73.6,11,3,67.3
10.3,1,11,1,20.0,0,6.6,62.6,10,4,14.4
190.6,6,7,7,179.8,7,96.9,87.4,10,0,96.8
133.4,5,5,8,202.3,8,100.0,94.3,14,3,89.2
124.7,1,6,1,20.0,2,47.6,36.5,9,2,41.5
115.1,1,3,3,77.7,2,59.5,71.1,15,0,51.9
259.8,2,4,4,108.4,6,65.7,79.9,9,4,86.6
110.5,5,6,3,75.0,0,89.8,60.7,8,0,56.6
134.9,6,6,4,96.1,3,98.3,89.2,13,1,76.0
85.6,7,7,4,103.1,5,92.9,72.9,15,2,73.9
147.5,6,6,1,27.5,3,98.2,43.4,14,4,68.7
189.1,5,5,1,21.8,0,98.4,65.2,23,4,67.1
113.8,3,9,1,20.0,2,61.0,46.1,11,2,44.4
265.8,9,9,6,145.9,8,100.0,80.8,7,2,93.2
121.9,1,3,1,47.9,6,58.9,90.1,8,6,57.6
165.3,5,5,3,78.6,6,100.0,80.5,11,5,92.3
131.9,2,4,6,145.3,7,75.8,81.8,18,3,75.4
198.2,5,8,6,145.8,6,78.8,95.2,14,3,93.3
225.9,4,5,5,126.8,4,87.0,85.7,17,4,88.5
74.3,4,4,7,172.0,3,93.0,76.4,10,4,67.6
75.6,3,11,0,0.0,1,38.1,45.1,17,0,33.2
184.9,8,9,10,250.0,5,90.7,90.5,7,3,87.6
159.9,3,5,1,27.4,2,72.3,64.8,14,4,64.4
198.8,4,5,2,54.8,11,88.6,81.2,22,3,87.1
183.2,8,9,6,155.9,7,85.8,85.3,20,2,94.5
257.5,2,4,7,173.3,5,67.9,99.7,10,3,87.1
104.4,8,9,3,82.8,8,85.7,82.3,11,5,78.6
10.1,1,1,0,0.0,0,60.5,60.0,10,0,34.2
63.6,1,5,2,40.0,0,35.9,42.8,16,0,29.2
89.9,3,3,2,54.3,4,85.3,80.1,10,0,70.2
19.9,1,10,0,0.0,0,16.2,67.6,15,6,14.9
165.4,5,7,8,196.7,10,79.8,84.5,10,2,91.4
60.6,4,5,4,103.0,6,71.3,89.0,7,4,64.8
284.1,4,4,3,75.1,6,100.0,85.8,11,0,91.7
137.0,5,5,1,29.3,3,99.9,56.8,3,2,66.3
162.8,2,4,5,125.4,4,67.8,48.4,11,2,73.3
179.0,5,7,8,206.9,9,82.7,81.6,10,0,95.2
185.2,2,4,4,100.9,2,75.5,62.9,14,0,66.9
13.1,2,3,0,0.0,1,40.3,60.0,16,3,26.2
254.3,7,9,5,134.4,5,89.6,92.3,9,1,95.7
80.9,5,11,1,20.0,1,58.1,61.6,8,4,36.8
163.9,4,4,3,78.4,2,100.0,92.6,10,0,85.4
88.4,5,5,4,97.1,5,90.4,64.4,16,1,78.9
89.3,6,6,3,71.3,2,87.3,57.6,12,3,64.1
251.3,6,8,10,253.5,7,86.5,79.1,15,1,92.7
77.9,3,6,1,45.5,4,59.7,58.4,9,6,50.8
80.2,3,8,0,0.0,1,45.6,42.7,14,4,36.6
32.7,5,7,3,82.8,5,59.4,71.4,10,5,56.1
171.8,9,9,5,129.6,11,100.0,87.1,9,2,100.0
82.5,3,6,3,80.4,2,62.6,64.7,14,5,54.1
21.1,3,8,2,40.0,2,34.0,67.1,8,3,33.4
133.2,8,9,3,98.5,3,91.6,81.6,12,5,80.3
58.5,3,3,0,0.0,0,74.0,60.0,9,6,42.9
26.1,2,7,0,13.0,2,28.0,50.7,9,6,23.5
36.1,0,1,0,0.0,0,14.5,23.8,15,2,10.8
254.1,6,6,3,83.5,8,99.7,82.4,14,1,93.8
12.2,0,1,1,25.0,0,4.2,12.1,14,1,9.3
112.4,4,5,3,74.3,7,81.4,59.7,19,1,69.9
214.3,5,6,9,226.4,3,79.8,91.5,10,3,88.3
158.8,6,7,8,200.6,10,97.0,89.3,9,1,95.8
14.9,4,10,1,20.0,2,29.9,41.2,15,1,27.9
206.6,4,7,8,207.6,4,76.6,93.1,8,0,85.1
122.0,3,7,7,178.2,2,66.1,70.3,12,0,62.5
100.1,6,7,4,102.8,3,82.6,68.1,1,1,68.2
235.1,3,6,5,128.2,6,79.8,89.1,14,3,91.0
278.2,6,6,6,145.2,10,100.0,90.4,15,3,100.0
66.9,3,3,7,176.6,4,83.5,74.2,14,3,70.6
277.3,5,6,5,123.7,3,88.8,99.6,23,2,92.7
89.9,3,10,1,20.0,1,48.3,21.5,19,0,31.5
178.8,5,6,6,149.3,3,93.4,63.4,16,1,86.2
207.7,9,9,3,76.1,10,100.0,85.2,12,1,90.5
70.6,2,9,2,40.0,0,36.9,54.9,7,4,32.6
0.0,3,6,0,0.0,1,25.7,12.5,9,2,16.6
179.1,5,7,3,70.2,3,81.6,67.4,11,2,85.9
137.3,4,5,8,197.0,3,89.2,71.6,6,1,77.5
119.7,6,7,4,102.9,2,95.3,87.6,21,2,71.8
112.8,1,7,0,0.0,1,51.0,39.9,16,4,33.4
209.5,5,5,6,150.6,8,91.2,81.2,14,2,100.0
273.7,8,9,3,78.7,6,89.7,91.3,0,3,95.2
154.9,6,6,9,229.0,11,100.0,100.0,11,1,94.9
149.4,5,7,4,104.8,4,81.8,49.6,16,2,81.0
53.9,3,10,0,0.0,2,37.1,35.6,14,4,32.1
77.7,2,8,4,80.0,0,39.9,30.8,20,3,34.1
114.6,6,7,0,2.6,2,94.0,74.6,13,4,61.9
160.9,5,7,4,103.7,4,71.1,66.4,13,4,78.8
29.1,2,3,0,0.0,1,57.5,51.9,12,5,30.7
230.2,7,7,3,84.2,3,92.0,77.8,14,3,82.1
167.4,2,4,3,70.3,2,65.5,73.6,17,3,69.4
165.2,3,4,7,184.6,6,84.3,94.0,17,4,87.2
124.9,6,6,3,75.3,5,99.9,82.3,7,1,76.1
67.1,2,10,0,0.0,0,33.7,30.1,13,1,24.0
55.5,6,7,2,62.6,3,59.8,53.4,11,6,61.2
87.9,4,4,8,203.7,5,88.4,74.0,13,3,75.6
128.5,2,3,5,123.4,1,80.5,79.9,12,4,63.1
100.5,2,5,1,20.0,1,57.4,68.3,13,2,37.8
115.2,5,6,7,198.1,10,85.3,80.1,5,5,83.0
66.7,3,7,1,20.0,0,45.0,51.8,11,1,36.4
12.2,1,2,1,25.0,0,27.5,25.8,13,3,15.3
70.7,4,5,7,179.6,0,75.7,81.9,5,1,52.9
146.0,1,5,4,100.1,3,55.4,75.5,11,0,61.4
33.8,1,7,1,20.0,1,15.4,60.9,18,0,18.2
95.7,2,3,2,51.8,5,71.4,65.1,10,1,58.9
127.5,3,4,2,52.8,1,84.0,61.2,12,4,56.0
89.5,3,5,1,32.9,6,65.3,64.8,15,5,60.4
107.9,3,3,5,121.6,1,94.8,73.4,9,2,72.8
198.0,7,9,2,46.1,10,80.2,86.6,9,3,89.9
1.2,0,1,2,50.0,1,0.0,55.2,14,1,17.3
102.5,5,7,2,47.6,2,68.0,63.5,10,1,56.7
199.0,8,8,9,232.7,5,100.0,85.3,10,1,96.1
56.1,2,11,1,20.0,2,31.4,53.1,14,1,28.1
73.5,5,7,6,146.6,1,69.9,66.6,10,1,58.3
104.9,4,4,1,34.8,3,92.2,78.3,10,6,68.9
121.7,4,5,3,71.9,2,85.2,75.3,13,0,61.2
137.9,8,9,5,128.6,6,91.8,92.9,7,1,88.3
141.0,6,7,2,46.1,5,91.9,56.3,11,0,74.4
222.3,4,7,7,182.8,6,70.5,65.0,7,2,84.0
46.4,3,6,2,40.0,0,41.4,57.5,9,4,33.8
9.8,1,1,0,0.0,1,60.5,40.6,11,0,32.5
148.3,5,5,3,78.2,6,100.0,86.1,8,2,81.5
170.9,3,7,3,103.3,3,66.9,91.1,11,5,76.9
71.7,7,7,1,45.5,3,84.4,84.0,11,5,62.8
142.2,3,4,2,48.1,1,86.1,69.6,7,2,63.1
40.8,2,6,0,0.0,2,39.3,31.2,13,6,26.1
270.3,7,7,8,198.4,10,99.3,85.4,13,0,97.7
150.3,2,3,7,177.0,3,79.4,65.5,11,1,77.7
160.4,2,3,4,100.8,3,80.0,58.3,14,1,74.1
105.6,6,7,2,68.0,3,82.5,49.8,0,6,61.9
161.8,5,5,2,46.7,6,100.0,87.3,15,0,87.1
157.4,2,3,2,53.3,3,76.7,76.7,12,3,69.5
27.9,0,1,1,25.0,0,10.7,27.6,13,2,6.2
201.1,9,9,6,153.3,11,100.0,75.2,14,1,97.8
180.4,8,8,8,197.9,2,100.0,87.9,12,4,98.5
156.3,8,9,2,63.4,4,97.2,90.2,9,6,76.2
75.5,3,3,0,-1.6,1,85.6,91.2,0,0,49.5
106.9,2,4,4,97.8,6,59.5,67.4,10,4,64.0
62.8,3,8,0,13.0,0,44.7,32.7,9,6,31.8
93.3,4,6,2,54.5,6,63.8,71.2,14,2,63.5
338.5,8,8,4,105.5,6,100.0,75.1,13,3,94.0
169.5,6,6,4,102.1,7,100.0,72.1,15,0,97.9
69.4,1,7,0,0.0,0,33.8,38.9,13,5,18.6
92.4,3,3,1,25.2,2,96.2,71.7,11,2,61.6
325.2,3,5,5,122.1,2,68.7,74.2,18,4,73.5
90.4,3,7,3,98.6,4,63.4,72.4,5,5,55.1
86.7,3,3,6,145.6,2,92.9,62.3,9,4,66.4
72.2,3,5,0,0.0,1,60.7,52.7,10,4,37.7
119.4,5,7,7,170.8,6,84.8,68.4,9,1,84.1
110.8,3,7,6,148.0,2,60.6,46.8,11,3,59.2
258.2,8,8,3,78.2,9,100.0,97.6,16,1,95.0
95.1,3,4,4,98.2,5,75.2,77.0,11,3,67.2
46.4,2,2,1,25.0,2,79.9,19.5,0,1,39.9
207.5,6,7,4,101.8,8,95.5,81.3,15,4,90.2
139.2,4,4,2,49.0,4,96.8,57.2,17,4,75.6
67.0,2,5,2,54.5,1,41.6,57.5,11,1,41.4
182.5,7,7,4,102.1,5,100.0,86.1,14,0,96.0
35.1,2,3,1,25.0,0,53.6,38.6,17,2,34.0
275.7,9,9,5,122.7,8,95.3,82.5,14,2,100.0
54.6,2,3,0,0.0,0,52.5,50.5,18,0,27.3
104.1,2,3,8,199.7,4,74.1,61.3,16,3,71.8
221.9,4,4,4,102.3,6,100.0,94.0,10,4,100.0
9.9,1,1,0,0.0,0,74.0,60.0,8,1,28.1
59.7,5,5,5,129.2,3,83.4,69.9,6,3,66.9
10.1,3,8,1,20.0,0,32.5,59.7,21,4,17.3
74.6,3,3,3,73.8,2,89.8,75.9,15,2,62.6
181.3,6,6,1,20.4,5,100.0,82.0,19,1,86.5
21.3,2,2,0,0.0,0,71.4,40.4,15,4,29.3
181.1,8,8,7,172.9,5,99.7,90.7,13,3,96.5
218.5,5,5,5,130.7,6,100.0,82.4,9,2,98.7
60.6,4,7,1,24.4,4,54.6,45.2,8,1,38.0
69.7,4,4,1,47.3,6,81.1,78.6,1,5,65.8
118.3,5,7,3,73.9,5,84.0,66.5,16,2,73.2
162.4,3,4,4,104.2,1,88.1,72.5,10,2,69.8
132.0,2,4,5,123.9,2,72.5,79.3,16,1,68.0
148.6,9,9,7,173.4,4,98.6,83.7,15,1,88.1
283.6,7,7,3,79.5,7,95.7,100.0,2,3,95.5
95.8,9,9,3,81.3,10,89.8,83.0,23,5,77.3
111.6,4,4,4,98.4,2,99.4,51.6,10,1,70.3
177.6,2,3,7,170.8,2,85.3,43.6,10,4,75.5
225.9,7,7,9,220.1,3,98.0,70.2,13,4,88.3
94.3,7,7,3,70.2,3,91.2,65.0,10,1,69.2
130.5,3,4,4,104.3,1,87.1,66.3,12,2,61.9
69.8,7,7,1,32.1,3,85.0,68.1,16,6,61.3
2.4,2,3,2,50.0,0,45.2,37.2,16,0,30.1
6.8,1,3,0,0.0,2,24.3,14.4,17,1,22.7
136.8,1,3,1,29.0,0,51.6,72.1,22,2,42.4
92.9,1,6,0,0.0,1,40.8,51.9,9,3,35.1
66.3,5,10,1,20.0,0,45.8,52.5,13,0,32.8
135.1,3,6,3,72.7,1,67.6,75.0,13,3,57.6
183.8,3,3,3,76.8,2,98.3,76.1,12,4,78.1
199.6,6,7,6,145.1,8,84.9,82.2,19,0,95.0
191.5,4,4,3,80.4,12,100.0,89.4,14,0,94.4
7.0,2,6,1,20.0,0,22.0,17.5,13,1,13.3
66.2,2,3,3,79.0,2,62.1,89.1,9,1,56.3
179.1,8,8,5,121.6,9,98.4,81.1,16,1,98.0
11.1,2,6,1,39.0,1,29.0,51.6,14,6,20.5
77.9,3,5,5,123.6,3,52.0,57.3,7,0,57.9
240.4,5,9,5,120.2,11,70.9,100.0,12,1,89.8
87.6,3,4,7,174.0,3,73.3,68.0,3,3,63.2
139.6,5,7,2,46.3,5,88.0,73.9,16,1,77.7
237.2,6,8,2,59.3,5,85.0,83.3,16,3,83.4
40.8,4,11,2,40.0,1,30.0,31.6,9,4,27.4
47.1,5,9,0,0.0,1,50.9,70.0,9,5,37.0
18.7,1,8,0,0.0,1,15.9,29.0,7,2,15.3
69.6,7,7,6,151.7,5,83.5,71.5,14,2,79.4
65.3,3,3,5,128.8,1,77.8,64.6,11,2,64.6
93.9,2,3,4,95.2,5,71.6,72.7,10,3,67.3
83.4,0,1,0,0.0,0,26.0,47.9,8,4,23.3
24.8,1,1,1,25.0,0,71.8,53.9,10,0,34.4
248.2,4,5,6,157.2,9,85.3,80.1,12,1,92.6
47.7,1,1,0,0.0,0,77.2,52.2,8,2,34.9
145.4,4,6,5,122.4,6,74.2,60.9,11,3,83.5
16.4,0,1,0,0.0,2,8.2,58.7,10,3,14.0
66.1,5,10,1,20.0,1,51.0,33.8,9,1,35.7
315.4,2,5,4,105.7,7,63.2,79.0,9,4,81.9
120.3,3,5,2,49.1,1,71.0,54.7,9,2,53.7
130.8,3,3,4,103.4,2,97.7,72.9,16,0,72.6
274.4,7,9,4,104.7,2,87.1,91.8,16,1,87.6
140.7,7,7,4,101.5,3,100.0,70.3,13,0,79.1
40.5,5,9,0,0.0,2,49.0,59.3,16,1,34.4
36.2,1,3,0,0.0,0,33.8,19.4,19,0,15.9
106.5,4,5,3,95.3,14,94.5,76.7,15,5,76.4
90.7,2,4,2,49.5,4,64.4,66.3,16,1,51.1
120.4,4,4,4,103.5,6,96.2,85.8,10,1,89.2
109.0,7,8,1,38.2,5,87.8,85.9,8,5,66.1
97.0,4,5,3,71.0,6,81.5,74.1,16,4,73.2
141.2,4,6,1,21.9,1,77.3,71.8,12,0,60.4
92.5,6,6,4,99.6,2,91.6,53.8,8,4,67.6
80.1,5,6,0,-1.4,1,76.9,70.0,15,1,51.3
16.5,1,2,0,0.0,0,31.6,31.2,15,1,22.7
93.5,4,4,4,101.3,4,94.6,71.4,8,4,69.8
74.8,4,5,3,75.0,2,73.5,81.5,14,4,56.3
149.7,5,7,7,174.5,7,81.2,94.2,11,0,91.2
101.7,2,3,1,25.4,1,78.1,57.1,15,3,51.9
161.3,4,5,3,73.6,6,82.6,73.3,1,2,80.3
110.0,5,6,1,29.5,2,99.1,78.5,15,3,63.9
86.1,5,6,4,97.7,3,78.8,63.3,9,0,68.7
81.4,6,7,3,83.2,2,81.5,72.5,13,6,60.8
70.4,4,7,4,97.5,5,54.5,68.0,12,3,64.9
105.8,3,6,2,67.5,4,63.7,81.3,10,6,58.6
35.9,2,2,0,0.0,0,70.2,28.4,11,2,29.3
78.3,4,10,0,0.0,1,56.3,23.2,19,0,34.1
90.9,3,7,0,0.0,0,49.2,59.0,19,2,32.6
210.0,8,9,4,99.0,6,95.3,81.8,6,3,95.3
11.8,1,2,0,16.2,0,33.6,41.0,15,6,20.5
182.6,3,4,5,123.3,4,85.4,87.2,16,2,89.9
85.3,1,11,3,60.0,2,33.8,53.0,15,0,41.0
223.6,7,8,6,155.7,12,89.0,77.8,15,4,99.0
105.7,6,7,3,77.5,3,84.4,68.1,14,3,68.7
84.1,2,6,1,20.0,0,45.7,52.8,17,3,29.6
102.9,5,6,6,146.2,3,86.3,74.3,16,2,74.4
99.7,4,5,6,148.5,6,77.7,95.0,10,1,79.3
59.8,5,5,3,78.9,3,73.7,92.6,9,3,61.9
122.9,2,3,3,79.3,5,84.9,73.2,15,0,72.4
330.3,4,4,4,100.3,9,100.0,81.2,5,4,98.1
138.3,2,3,2,48.4,3,83.2,57.9,10,2,70.3
56.3,5,7,1,35.5,4,56.8,72.7,17,5,57.0
128.4,4,6,4,96.7,2,83.4,69.1,22,2,65.7
19.6,2,2,0,0.0,1,62.3,25.3,7,3,31.0
130.4,4,4,4,102.8,5,100.0,69.7,10,2,81.8
5.2,1,1,0,0.0,0,55.7,32.1,9,1,31.0
107.9,5,5,1,26.7,2,96.2,78.8,11,4,67.7
71.9,2,10,1,20.0,0,42.7,32.3,18,4,27.1
78.6,3,5,3,80.2,5,58.5,88.6,8,5,58.2
24.8,0,3,2,50.0,0,4.8,38.5,15,2,12.5
17.5,1,1,0,0.0,0,58.5,32.2,13,0,26.5
143.2,5,5,6,151.9,6,92.9,79.8,4,3,87.9
179.1,9,9,7,172.6,6,100.0,100.0,14,0,100.0
100.7,4,4,3,73.2,6,95.1,88.2,15,3,77.5
29.2,2,7,0,0.0,1,28.7,70.0,2,5,22.1
25.7,1,3,2,50.0,0,36.0,35.6,11,2,27.3
134.2,3,4,5,132.1,11,80.7,76.0,10,4,88.2
160.0,4,6,1,21.7,2,83.0,64.5,15,2,62.2
90.9,2,6,3,75.9,4,58.4,68.0,16,1,55.9
178.1,2,3,3,74.7,4,76.2,61.1,11,4,70.9
88.7,4,5,3,70.2,3,76.9,95.0,10,0,65.1
146.8,4,4,3,73.6,2,100.0,95.0,11,1,77.5
23.8,0,3,0,0.0,0,11.8,31.8,9,0,11.0
128.8,4,6,2,54.1,3,79.9,60.7,9,2,62.1
47.2,2,4,3,94.6,4,40.5,82.6,10,6,51.0
82.1,5,6,3,74.4,4,75.2,83.1,13,4,62.1
70.9,5,6,2,67.7,5,73.7,54.2,14,6,64.3
73.6,1,3,0,0.0,0,42.3,55.2,15,0,25.3
98.6,2,3,6,148.0,6,70.5,60.9,16,2,72.4
158.9,2,4,2,51.0,3,64.9,73.6,10,3,66.5
65.7,2,7,0,0.0,0,37.3,53.9,11,1,32.7
107.2,3,4,2,49.3,2,83.0,41.1,9,1,60.1
147.7,6,9,8,209.5,6,79.3,90.2,6,3,90.2
89.8,6,6,2,49.4,5,87.6,80.4,8,2,66.4
138.1,7,7,4,104.6,3,95.9,65.7,9,4,80.4
132.1,3,3,2,51.8,3,100.0,87.7,14,0,69.9
125.1,5,5,4,96.2,2,96.7,68.5,9,2,75.7
20.6,1,2,0,0.0,1,33.3,54.5,9,2,28.8
312.9,4,5,5,130.0,9,90.5,78.9,16,4,92.3
182.9,2,3,3,71.8,5,86.0,66.8,11,2,82.1
73.7,3,11,1,20.0,3,39.0,25.5,8,4,33.9
52.4,3,3,5,128.7,4,81.7,68.2,17,2,64.5
104.5,1,3,7,172.1,7,57.6,62.3,12,2,63.1
163.5,6,8,7,200.0,7,83.2,89.9,13,5,88.3
153.7,3,3,2,53.3,6,94.5,70.4,15,4,87.4
216.3,4,4,5,134.3,10,100.0,95.5,14,4,93.8
111.2,5,6,5,120.1,4,89.6,66.6,16,1,74.1
238.0,6,6,5,133.9,7,95.7,83.7,10,3,100.0
31.4,3,9,0,0.0,0,31.1,37.3,12,0,21.4
189.3,6,8,6,157.1,7,80.1,95.1,11,1,95.7
167.0,1,5,4,104.3,4,49.9,60.7,9,4,72.7
250.2,4,6,8,195.5,6,79.6,79.9,15,3,91.9
0.1,1,2,0,16.2,0,28.7,46.6,13,6,21.8
12.2,0,2,1,25.0,0,5.0,26.2,9,4,6.9
134.0,2,3,1,29.2,4,82.9,92.5,10,4,66.6
233.1,8,8,6,152.6,4,97.7,94.7,1,3,93.6
88.7,2,8,0,0.0,1,44.6,70.0,4,2,28.6
3.7,2,2,0,16.2,0,60.4,24.9,14,6,33.1
168.8,4,4,1,24.3,2,92.2,70.3,10,3,76.4
165.4,5,5,3,78.1,1,95.6,68.2,11,2,80.0
40.3,7,7,3,78.1,4,66.2,64.1,16,5,56.6
182.4,4,4,7,179.7,3,98.0,77.2,8,1,89.8
120.5,4,5,6,147.2,2,86.2,55.6,10,2,74.6
94.7,2,3,4,99.4,2,75.7,70.6,17,2,56.2
223.2,7,8,5,128.4,9,93.4,82.2,14,0,96.3
53.0,1,3,0,0.0,1,33.3,33.6,16,4,24.7
123.4,4,4,1,20.2,2,99.8,66.6,4,1,63.5
95.0,5,6,4,101.9,6,85.3,82.4,15,3,75.2
44.0,4,6,1,34.7,5,63.5,60.2,7,6,47.7
159.0,4,6,1,27.8,2,77.9,84.9,16,4,65.2
253.9,4,4,3,80.6,3,100.0,93.8,12,4,83.3
78.6,5,6,3,74.8,4,80.7,80.8,12,1,64.9
147.3,3,7,6,153.5,2,59.7,74.1,13,3,65.5
56.9,3,3,4,114.6,3,78.1,45.2,11,5,60.0
93.3,4,11,0,0.0,1,50.1,55.3,13,4,37.5
214.1,6,7,4,103.3,7,99.0,86.0,14,2,97.7
192.6,3,3,1,26.9,4,94.4,81.5,12,2,78.8
170.9,4,4,6,145.3,5,100.0,99.8,5,4,98.8
243.2,4,5,2,47.4,4,89.2,100.0,18,0,76.7
158.3,7,8,5,126.8,9,91.1,85.5,17,4,97.3
40.0,0,2,1,25.0,1,13.5,16.8,13,1,14.7
148.8,3,4,3,81.1,4,88.6,97.4,7,4,70.9
211.0,5,5,8,202.2,14,97.9,79.6,11,4,97.0
270.4,7,8,12,302.0,7,93.1,94.2,15,3,100.0
177.4,2,4,5,126.7,7,65.0,86.4,10,1,87.1
195.6,5,6,3,79.6,9,81.1,78.3,10,1,96.7
91.1,4,4,10,258.6,4,90.3,87.5,0,1,69.6
155.9,5,5,4,103.6,3,97.8,84.5,9,2,91.3
90.1,3,7,3,81.4,1,52.9,68.6,8,6,45.0
45.0,2,5,0,0.0,1,38.2,48.5,8,2,22.5
214.5,7,8,7,184.6,2,95.6,86.5,5,1,85.7
159.9,6,7,3,71.6,3,99.1,83.5,9,1,79.7
62.3,5,7,3,78.8,7,60.4,49.6,11,2,62.6
33.4,4,6,1,33.6,5,43.2,51.0,7,5,44.3
101.2,0,5,3,72.2,2,35.2,63.9,19,1,37.7
137.7,5,7,5,127.1,3,78.5,62.1,12,4,79.1
110.0,4,6,3,75.8,6,70.3,65.6,17,3,71.2
27.0,3,3,0,0.0,1,61.6,16.4,13,5,37.3
22.2,0,2,0,0.0,0,9.2,60.0,10,2,8.3
101.2,5,7,1,29.0,2,78.5,65.2,11,2,53.2
358.0,6,6,5,132.1,5,97.5,92.4,6,0,94.2
210.6,4,4,5,131.8,12,100.0,83.5,14,2,100.0
105.2,1,6,0,0.0,1,36.3,60.7,18,4,29.9
142.4,7,7,1,51.5,10,97.9,79.5,11,6,88.4
34.7,3,7,1,20.0,1,33.8,33.4,8,4,23.2
3.4,0,2,0,0.0,1,5.1,26.4,11,3,7.2
149.6,8,8,6,152.5,6,100.0,79.4,1,2,91.4
59.7,5,5,2,52.6,3,81.6,61.0,14,0,53.7
67.2,4,5,3,75.0,2,71.3,83.4,16,2,59.2
26.8,1,1,0,0.0,0,64.3,29.9,15,0,31.2
8.9,2,3,0,16.2,2,35.1,58.4,11,5,28.2
112.0,4,7,2,67.1,5,68.9,68.7,8,5,60.5
48.3,0,8,0,0.0,0,16.6,34.5,9,2,14.4
49.3,2,7,1,26.0,0,32.3,26.3,15,5,29.4
79.8,2,5,0,0.0,1,51.6,44.2,16,0,32.7
99.7,5,7,4,103.1,4,69.9,61.6,14,3,71.2
177.6,7,9,3,78.4,6,85.8,82.9,17,4,94.7
36.8,5,6,7,175.1,5,54.2,82.0,15,1,68.8
76.5,2,3,4,95.5,1,64.3,71.2,13,4,52.5
104.5,2,3,3,72.8,2,76.7,41.0,10,2,60.6
242.6,7,8,5,132.3,6,90.1,80.8,21,3,93.1
277.7,7,8,8,209.0,10,93.6,93.8,11,2,98.5
51.4,3,4,1,47.4,2,62.5,72.4,16,5,55.2
189.6,2,6,8,202.1,4,66.0,73.4,10,2,74.4
166.2,3,4,1,26.3,2,87.2,75.6,14,2,69.5
74.7,3,7,6,154.6,4,48.8,78.3,14,4,58.5
94.3,4,5,3,77.2,1,86.7,78.6,16,1,60.1
2.0,1,2,1,25.0,0,36.3,44.7,11,3,21.7
99.6,5,7,4,100.0,3,77.0,47.1,14,0,64.3
71.3,1,8,1,20.0,2,30.0,30.4,6,1,22.6
106.3,5,6,5,127.7,2,88.4,83.9,9,1,74.6
147.4,4,7,8,201.1,6,78.8,57.0,19,3,82.9
169.2,8,8,10,256.8,7,95.3,76.1,13,0,90.3
182.1,6,7,6,160.3,6,93.2,79.4,12,5,99.4
95.2,3,5,5,120.8,5,65.7,59.4,16,2,69.3
98.0,5,7,2,52.6,3,77.0,67.5,16,4,60.2
195.8,7,7,5,121.1,12,100.0,81.5,10,0,100.0
157.2,7,8,4,109.6,3,94.1,77.6,15,1,82.7
62.2,3,4,2,66.5,7,68.6,67.5,10,5,63.1
43.2,4,11,0,0.0,0,34.5,40.6,18,1,23.5
210.8,6,6,3,75.0,5,99.3,70.6,0,0,89.8
88.0,4,5,3,74.7,4,78.0,64.0,7,2,63.1
54.4,1,7,0,0.0,2,24.0,53.2,11,0,24.1
139.1,4,5,7,180.5,9,86.6,71.6,8,4,86.6
133.4,5,5,5,122.3,7,100.0,77.0,6,0,90.5
212.2,8,8,4,97.3,10,99.1,93.1,17,0,93.5
69.6,3,3,1,49.8,3,81.7,86.0,11,5,60.7
107.2,6,7,7,179.2,6,91.9,58.5,12,2,76.1
45.9,4,5,3,75.8,3,61.5,86.4,6,0,53.6
49.4,5,5,1,26.6,4,75.5,65.1,16,1,53.8
144.9,5,6,4,97.3,3,92.1,73.1,9,1,76.6
94.4,3,4,3,72.7,6,82.0,75.0,11,4,68.4
139.2,3,7,6,145.8,3,69.2,82.0,11,2,74.9
54.8,1,5,0,0.0,1,39.1,20.7,10,4,16.5
44.6,3,4,0,17.3,1,61.7,50.6,11,6,42.5
86.4,2,3,1,26.8,6,66.7,65.2,12,0,61.0
81.8,5,6,8,195.1,4,78.9,95.0,19,4,69.7
38.7,1,2,1,25.0,0,47.0,29.2,8,1,23.9
340.3,8,9,3,82.7,5,90.0,81.6,20,3,83.0
216.1,4,4,9,222.7,11,90.0,79.8,14,1,100.0
24.9,0,2,0,0.0,1,4.3,32.8,19,1,15.8
134.5,6,8,4,112.7,2,93.0,82.4,8,5,71.6
1.4,0,1,0,0.0,0,0.0,36.3,15,4,7.6
68.1,7,7,8,200.4,11,76.9,98.6,11,3,80.7
23.4,1,3,0,0.0,0,27.0,19.9,11,3,19.9
19.8,4,11,0,0.0,3,27.7,38.2,11,1,30.0
109.5,3,4,0,-4.9,1,78.5,95.0,15,0,51.1
175.5,4,4,8,199.7,6,95.9,89.7,17,0,98.9
107.1,5,6,4,97.6,1,83.5,92.5,3,2,64.3
89.3,5,7,0,0.0,0,69.3,45.1,14,3,42.1
135.8,3,3,3,76.2,1,94.7,67.2,14,2,73.1
84.1,2,3,1,25.0,0,69.3,36.2,12,1,37.7
148.9,2,3,2,51.3,5,87.8,59.5,12,1,70.6
114.5,3,3,3,74.7,7,99.9,66.5,8,2,74.9
207.2,4,6,6,152.5,5,75.6,100.0,11,4,94.4
166.4,6,6,1,24.2,1,100.0,94.0,11,2,74.1
85.9,3,5,6,152.3,9,68.7,57.5,21,4,63.8
88.3,3,4,3,73.3,7,75.4,52.5,17,4,61.0
196.6,8,8,10,249.1,7,98.0,95.0,20,1,100.0
236.5,4,6,6,151.4,4,75.3,95.1,12,3,90.0
209.3,5,6,10,255.6,8,87.1,81.0,10,4,92.7
101.4,3,4,1,21.5,7,80.6,66.0,17,2,64.0
197.3,8,9,3,79.5,5,97.8,82.2,9,2,94.9
181.1,1,6,4,102.9,4,54.0,71.3,17,2,73.1
203.1,1,3,5,120.4,4,57.5,59.0,15,0,69.6
158.9,4,5,5,128.4,1,96.7,64.8,14,0,76.2
149.4,5,7,7,179.9,7,81.3,70.2,12,1,96.8
158.5,4,4,3,82.5,8,100.0,79.1,17,6,91.1
231.0,4,4,5,120.5,2,97.5,94.2,8,2,83.2
99.6,3,4,11,281.5,4,75.8,87.0,15,2,67.9
88.7,4,6,7,174.4,5,72.8,64.9,13,0,69.8
138.5,3,4,2,47.7,4,84.0,80.1,18,2,64.4
57.5,4,10,1,20.0,0,46.2,51.0,9,1,38.9
257.8,4,5,5,130.0,10,84.2,87.4,11,0,95.6
194.3,6,7,8,203.6,13,94.3,85.1,15,1,91.2
293.0,7,8,4,101.9,6,92.9,90.8,11,3,95.8
2.7,1,2,0,0.0,1,29.8,35.6,8,1,17.0
73.4,0,5,0,0.0,0,23.7,42.6,9,6,20.3
101.4,3,4,4,97.9,1,81.9,73.1,16,2,58.6
34.1,3,8,2,40.0,0,29.6,67.3,12,1,31.7
100.6,3,3,2,50.3,5,100.0,74.6,16,4,67.1
155.7,8,9,7,184.2,4,92.0,90.0,14,3,90.6
194.3,3,5,3,80.7,6,69.0,65.0,16,3,80.6
109.7,5,6,4,97.5,6,83.0,63.9,7,4,75.0
77.7,3,7,1,29.6,2,43.7,63.7,14,4,47.4
124.3,7,7,4,100.0,4,97.1,87.1,5,4,80.5
10.4,1,1,0,0.0,1,58.8,43.6,14,4,31.6
34.1,0,1,0,0.0,0,8.6,53.1,23,4,10.4
107.3,5,6,3,78.4,4,87.6,71.7,14,2,77.1
231.8,7,8,2,58.4,5,95.3,78.0,12,4,91.5
76.4,3,6,0,0.0,0,48.9,38.5,3,1,35.6
76.4,5,7,1,49.9,2,65.4,83.8,6,6,54.7
108.5,4,10,1,20.0,3,61.2,34.2,17,0,47.2
106.1,4,4,6,150.7,2,91.7,78.7,11,0,76.0
63.5,3,11,1,20.0,1,41.0,68.0,16,3,35.5
129.1,2,4,3,79.0,2,69.5,71.0,10,3,64.5
87.8,3,7,7,173.7,1,49.3,68.1,15,0,50.2
265.4,5,5,8,196.4,6,99.7,90.5,2,0,97.6
220.4,7,7,6,156.5,8,100.0,84.1,11,2,100.0
30.0,3,3,7,172.0,2,73.1,89.4,11,1,61.2
38.0,4,7,1,20.0,1,42.1,58.4,11,2,39.6
158.6,4,4,5,132.5,9,97.1,88.8,8,4,92.9
234.4,5,7,8,209.9,6,79.1,92.1,12,1,96.4
148.3,4,6,3,74.4,2,77.9,69.8,16,1,71.8
113.2,6,7,6,149.4,4,100.0,74.1,6,0,78.7
233.2,7,7,9,220.0,8,100.0,83.3,11,4,96.2
123.5,7,7,2,48.0,4,97.0,82.3,10,1,69.8
187.3,7,7,3,74.3,2,98.5,74.7,13,3,81.3
139.8,5,7,2,51.8,0,86.5,86.2,12,0,67.5
182.8,7,8,10,246.7,8,93.8,92.0,15,0,97.5
156.2,5,6,7,177.4,6,89.5,80.1,10,6,92.0
92.6,3,4,2,49.5,5,65.8,79.6,14,0,65.1
200.9,5,6,8,205.1,2,90.7,79.0,11,0,86.7
151.0,3,6,1,23.0,6,67.8,69.9,16,2,71.4
68.4,5,6,3,76.3,2,74.4,86.9,12,1,58.0
297.6,7,7,6,153.1,12,99.6,81.4,16,1,97.4
161.9,2,4,2,45.4,6,73.0,70.5,23,3,71.5
216.0,5,5,5,131.7,8,99.7,80.2,1,3,94.8
296.0,2,4,8,207.1,2,71.0,90.3,14,1,76.9
257.0,6,6,5,125.3,10,96.8,80.3,11,1,100.0
191.7,6,6,3,75.8,5,99.3,84.8,15,0,92.3
71.4,4,4,1,31.5,6,90.0,68.4,8,5,66.6
43.0,2,3,0,0.0,0,47.5,18.2,11,2,30.5
4.7,0,6,0,0.0,2,2.0,58.6,9,0,13.6
201.9,9,9,3,73.3,5,100.0,71.9,19,3,87.7
146.1,4,6,4,96.7,1,81.9,70.6,15,0,70.4
119.1,3,7,4,101.9,3,68.8,57.2,14,3,60.6
105.4,1,4,3,71.3,5,53.2,69.1,12,4,58.2
281.2,8,8,2,53.0,10,100.0,73.5,22,1,93.4
160.3,3,4,3,72.9,3,89.0,94.4,6,1,74.9
187.3,3,4,6,150.9,7,83.4,82.4,14,4,93.5
11.6,1,8,1,20.0,1,12.4,40.6,9,3,14.6
36.0,4,10,2,40.0,2,36.9,58.0,9,4,35.2
57.8,4,9,0,13.0,1,48.9,54.2,10,6,34.6
132.4,1,4,6,151.3,3,53.2,66.5,2,0,61.4
121.0,3,4,4,96.0,8,87.8,87.4,14,2,81.0
186.2,7,7,10,256.6,9,97.3,83.7,9,4,99.1
156.7,2,6,3,74.5,2,60.9,65.6,15,0,59.2
12.9,1,10,3,60.0,0,16.0,18.3,8,3,15.1
206.5,6,8,5,128.1,5,88.7,86.5,11,4,92.3
143.9,4,4,5,131.7,6,99.4,85.4,16,5,94.4
151.2,4,5,2,54.8,3,90.9,84.9,9,1,74.4
293.3,8,9,3,80.1,7,94.9,87.7,11,4,91.6
197.6,3,3,1,22.9,5,100.0,55.7,4,3,78.4
113.9,6,6,3,78.5,8,100.0,64.5,14,4,82.9
98.0,5,6,5,121.1,3,83.1,75.6,10,0,70.0
235.8,2,4,5,127.8,9,68.4,72.3,14,2,89.5
57.3,3,4,2,53.9,2,68.3,82.0,9,4,51.7
330.9,4,4,12,304.3,4,100.0,90.3,13,2,89.3
100.2,2,3,1,25.5,3,67.5,68.3,7,2,50.5
159.5,8,9,2,69.3,3,98.1,77.3,7,6,78.2
123.5,3,4,2,46.7,6,89.7,75.3,22,1,69.8
139.4,5,6,3,70.1,4,94.0,69.7,15,1,74.2
128.2,4,5,5,128.2,4,78.8,59.1,18,2,74.4
109.0,5,7,4,96.9,4,74.2,85.2,15,3,76.9
202.8,2,4,9,224.9,9,75.9,93.7,16,0,87.7
190.0,3,4,9,223.5,6,86.4,83.9,11,3,97.4
134.9,2,3,4,103.6,2,79.8,66.7,20,2,62.2
62.1,4,7,3,70.1,6,58.6,63.1,20,2,55.4
183.0,3,6,4,105.6,7,72.0,82.8,11,2,86.7
202.6,3,4,8,205.8,8,79.8,72.4,11,1,89.6
28.6,3,6,2,40.0,2,34.9,34.7,21,2,30.7
133.4,5,7,2,45.8,3,79.5,72.7,11,3,70.8
279.0,6,6,9,231.8,9,95.8,82.7,12,4,100.0
165.5,5,7,7,179.4,9,73.6,90.9,8,0,91.4
217.4,9,9,4,97.3,10,100.0,82.1,8,4,94.6
90.9,6,7,4,95.5,2,80.0,77.1,9,3,64.5
47.4,3,3,0,0.0,0,82.0,37.1,6,0,33.0
116.0,3,3,6,153.8,2,100.0,71.3,11,4,74.3
101.7,3,11,2,40.0,2,51.2,54.1,10,1,44.9
100.5,4,4,1,49.5,4,93.7,60.2,8,5,62.8
120.3,4,7,4,101.3,2,76.2,63.9,16,0,60.8
68.0,3,4,1,31.3,0,67.9,95.0,15,5,46.4
145.1,3,4,4,99.3,3,86.4,82.9,16,4,75.4
27.4,1,6,2,40.0,2,20.2,37.2,14,3,20.8
15.2,1,2,0,0.0,2,34.2,60.0,5,4,28.9
112.1,8,9,6,145.0,7,91.4,91.2,15,0,87.4
175.0,7,7,6,149.1,8,100.0,73.7,10,0,100.0
198.4,6,6,12,303.4,10,99.2,83.1,10,2,98.6
136.6,2,6,2,53.7,1,62.3,66.0,13,0,50.8
90.9,2,10,1,20.0,1,40.4,54.0,16,3,37.7
19.5,6,7,3,83.2,6,54.0,58.0,14,6,56.8
254.5,8,8,2,49.7,6,95.7,90.0,12,1,92.9
28.7,1,5,2,40.0,2,23.9,33.7,20,3,20.4
47.1,0,1,0,0.0,1,15.7,35.4,10,5,18.0
44.6,4,10,2,40.0,0,46.7,52.3,14,3,35.5
25.5,3,3,0,0.0,0,69.6,54.8,9,4,36.5
184.0,4,4,2,48.6,2,100.0,75.1,9,3,85.3
85.9,4,7,2,51.6,3,59.0,65.8,11,4,52.3
180.6,4,4,4,100.6,5,100.0,71.7,13,1,91.7
263.3,4,6,6,159.6,6,72.4,78.7,18,4,90.7
79.4,5,10,1,20.0,0,56.7,32.5,13,2,40.7
58.4,2,5,4,96.7,6,39.4,80.8,10,2,55.4
174.3,6,7,2,52.3,5,90.8,67.9,9,4,90.4
158.0,5,7,3,76.6,6,75.3,81.1,7,3,80.2
14.1,1,3,0,0.0,0,29.3,32.0,11,2,16.2
153.8,2,3,1,33.5,2,81.6,75.7,12,6,66.9
249.1,5,8,4,95.7,7,81.7,94.3,12,0,93.5
183.4,7,7,7,170.5,5,100.0,100.0,10,3,95.7
107.1,4,5,2,65.8,5,84.5,66.9,11,6,65.8
155.6,4,4,9,227.0,4,98.8,80.5,13,0,85.8
155.9,3,4,3,74.9,3,85.4,83.6,8,2,67.0
102.6,4,4,2,53.1,4,99.9,79.8,11,4,67.3
26.7,3,6,0,0.0,0,32.8,55.2,18,2,19.2
131.0,5,7,6,153.1,4,73.8,66.8,10,2,78.2
170.6,1,3,6,151.1,6,60.6,80.1,17,4,82.1
218.2,2,6,8,209.0,12,59.0,83.5,15,4,86.5
232.9,6,6,3,84.9,9,95.3,96.8,16,3,96.7
101.6,1,3,3,79.8,3,50.1,69.7,9,3,51.6
170.8,3,3,6,145.3,6,98.7,83.1,18,2,94.6
168.7,3,5,2,54.2,3,73.2,82.4,9,0,68.5
162.7,2,4,6,146.1,3,71.2,68.9,16,4,72.1
182.4,5,7,3,79.5,2,83.0,76.6,4,3,78.0
140.2,6,6,1,27.7,1,98.3,69.8,15,2,63.1
112.2,5,6,1,30.0,5,90.2,44.5,17,5,65.2
90.0,1,1,0,0.0,0,89.4,6.6,15,1,42.1
164.0,1,6,1,21.4,7,48.5,95.0,11,2,71.0
152.1,3,4,4,100.5,5,79.1,71.1,15,3,77.1
67.8,1,11,0,0.0,0,29.8,45.8,15,0,25.0
47.3,2,3,0,0.0,0,50.9,30.8,10,2,21.2
120.2,4,4,3,79.5,4,93.7,70.4,11,4,77.4
88.6,6,7,1,35.1,2,79.8,64.0,16,6,60.1
148.7,3,3,5,128.3,3,100.0,59.1,12,0,85.9
28.4,0,3,0,0.0,0,7.1,24.6,10,0,4.9
151.6,4,7,3,78.6,1,80.4,60.2,9,4,68.0
213.8,8,8,5,124.2,6,94.6,91.7,9,1,100.0
133.4,2,4,1,29.7,3,65.9,58.8,19,4,54.6
196.5,8,9,7,178.1,3,98.7,86.6,10,0,96.3
242.8,6,6,4,105.9,7,100.0,77.0,8,2,93.0
32.7,2,9,0,0.0,3,18.6,54.6,12,2,31.9
53.7,1,7,0,0.0,1,20.0,36.0,14,1,22.5
74.3,5,6,1,24.4,5,71.6,53.1,15,3,55.9
105.3,5,7,2,53.6,2,78.8,81.3,12,0,66.3
14.8,0,2,0,0.0,0,0.0,32.3,15,4,8.8
7.4,0,5,2,40.0,2,0.5,60.8,5,0,15.8
2.0,1,2,2,50.0,2,26.1,60.0,9,1,27.0
167.0,7,7,4,108.5,8,99.1,79.1,18,3,93.5
96.7,4,10,1,20.0,0,55.6,40.9,14,3,38.8
206.9,8,9,3,84.3,13,88.5,88.8,9,3,92.9
245.3,6,6,6,149.1,2,95.9,74.5,8,2,84.8
198.6,4,4,11,281.3,9,100.0,95.8,17,1,99.6
36.8,6,11,1,20.0,2,50.4,48.2,9,3,35.2
104.9,2,3,3,73.4,1,69.5,81.0,12,2,55.9
163.7,9,9,4,104.9,8,98.4,85.4,11,2,92.1
30.0,3,6,4,100.9,2,38.9,64.9,10,3,42.9
163.8,3,5,6,148.5,1,74.5,64.4,16,4,76.4
123.2,3,3,5,124.2,1,100.0,79.4,23,0,68.0
87.7,1,6,0,0.0,0,36.2,67.7,15,5,30.3
158.7,4,5,6,145.1,0,90.6,58.7,13,0,70.9
6.9,3,10,1,20.0,0,26.4,38.7,16,0,18.5
8.8,0,2,0,0.0,0,2.5,52.4,16,4,12.6
194.8,4,4,10,247.1,8,95.4,91.0,15,4,98.8
160.9,6,7,2,49.8,2,88.8,78.8,9,0,72.5
178.9,3,5,2,48.8,5,74.2,66.0,11,1,79.5
104.0,3,3,6,146.4,3,89.5,89.5,12,3,75.8
86.0,3,3,2,45.4,5,91.8,54.3,8,2,64.4
0.3,1,1,2,50.0,0,63.0,10.0,19,2,28.1
108.6,2,3,3,77.6,1,76.4,72.4,16,4,59.9
69.6,5,6,0,-4.6,6,78.7,88.7,17,1,62.5
12.6,0,1,0,16.2,0,3.2,56.3,9,6,6.1
37.9,3,3,4,99.2,3,72.6,62.7,12,1,61.3
56.9,5,11,1,20.0,2,47.7,27.1,19,3,37.2
32.0,4,8,0,13.0,2,39.5,46.9,5,5,30.6
94.4,4,6,1,27.2,4,73.1,57.0,7,2,54.5
260.6,5,6,5,122.3,5,80.0,85.3,12,0,91.7
162.4,3,7,1,27.7,2,64.2,81.7,13,2,61.1
178.2,5,6,6,151.1,5,95.1,72.9,13,1,89.8
55.0,0,1,0,0.0,1,22.1,28.8,8,2,11.9
213.5,3,6,9,221.8,5,63.2,81.0,12,1,81.8
79.2,2,4,3,83.1,5,57.2,45.1,13,6,56.3
21.7,4,11,0,0.0,1,32.2,39.3,17,0,26.2
87.1,1,4,4,104.5,3,54.2,40.9,9,0,44.5
64.4,3,4,1,48.7,3,72.2,63.9,9,6,52.7
263.9,8,9,5,132.7,6,99.7,100.0,15,0,95.7
146.1,6,6,2,53.3,7,97.1,83.9,11,3,86.3
112.7,3,4,4,98.1,3,79.4,47.5,13,4,65.1
58.1,0,3,1,25.0,0,29.4,38.2,16,1,25.3
179.9,5,7,1,24.1,4,82.5,78.8,15,2,80.2
165.9,1,4,3,79.4,5,50.0,69.2,16,2,68.5
12.4,1,2,2,50.0,0,36.1,8.6,9,3,23.9
103.2,5,5,3,81.2,6,96.9,66.0,9,6,78.6
149.8,5,6,3,72.2,4,96.2,50.1,9,3,78.3
150.0,5,7,5,126.9,2,82.0,58.1,9,4,72.6
106.3,3,3,2,52.3,3,98.2,69.9,11,2,64.2
177.2,6,7,3,76.3,3,93.9,93.0,13,1,83.1
60.0,4,5,9,224.0,6,67.2,81.6,7,0,67.7
262.4,1,4,4,105.1,8,57.5,87.2,12,4,79.9
23.0,7,8,1,20.0,0,57.9,46.0,14,4,32.1
220.8,7,8,8,198.0,6,94.0,83.5,15,3,97.5
250.0,8,9,6,155.6,6,96.1,83.1,13,4,94.6
1.1,1,2,1,25.0,0,29.4,60.0,14,2,25.2
277.9,8,8,6,156.1,4,100.0,93.1,2,2,88.1
56.3,3,5,1,20.0,1,54.9,70.0,16,1,42.1
290.8,8,9,6,150.5,8,94.9,77.9,10,0,96.4
341.7,3,6,6,145.5,8,66.2,76.8,12,1,85.1
31.1,0,1,1,25.0,0,8.1,32.6,15,4,14.9
90.5,2,3,3,74.4,4,71.8,86.6,10,3,60.6
105.7,5,7,0,14.1,2,85.3,60.5,15,6,50.5
212.8,9,9,7,170.3,6,98.5,91.4,20,3,100.0
179.0,5,5,5,122.2,8,92.5,95.4,10,1,100.0
76.9,4,7,1,48.9,5,64.6,76.6,13,6,58.4
139.7,6,6,3,74.0,5,98.1,57.1,11,3,84.0
59.4,5,7,5,128.9,3,63.9,68.8,11,2,60.8
87.8,1,8,3,60.0,2,33.6,55.6,21,3,41.5
72.7,4,6,0,0.0,1,59.3,32.2,6,4,33.0
91.3,3,3,1,33.8,2,92.5,79.5,11,5,63.4
109.0,8,9,9,234.8,8,93.8,89.5,14,1,81.0
29.4,3,3,0,2.2,4,73.2,63.5,9,5,42.0
78.8,5,5,4,97.8,5,89.5,82.9,12,4,74.5
76.4,4,5,2,46.6,3,68.3,50.7,10,2,56.9
79.4,4,6,0,15.1,2,65.4,95.0,11,5,49.3
96.7,3,3,8,201.5,3,88.1,88.9,18,1,69.7
208.8,5,5,9,224.6,7,100.0,76.2,7,2,100.0
131.7,3,3,4,104.9,4,94.5,63.5,8,4,76.5
282.5,7,8,5,130.1,5,90.3,94.9,9,1,92.3
217.3,9,9,7,184.4,4,100.0,84.4,9,4,98.1
87.3,6,6,0,17.0,3,91.7,60.7,12,6,60.3
206.1,3,5,9,226.4,10,75.7,83.1,16,3,87.8
125.7,3,6,5,121.4,0,67.1,79.1,15,4,64.6
7.0,1,2,0,0.0,0,30.7,21.4,11,1,21.4
175.6,4,5,9,220.1,9,87.1,100.0,12,4,94.9
116.9,3,5,3,71.1,4,76.4,95.0,16,2,75.2
219.9,9,9,4,105.8,8,96.9,89.7,14,0,100.0
129.6,6,7,3,74.2,6,92.8,77.2,11,2,83.2
144.8,3,5,2,52.7,3,75.1,73.7,17,1,65.7
131.3,3,3,4,103.8,4,100.0,59.7,18,3,77.3
166.2,4,5,1,28.2,2,88.5,75.1,9,3,68.8
132.7,4,5,4,103.1,4,88.0,71.9,10,3,81.1
16.8,6,11,3,60.0,0,38.8,62.5,15,1,33.4
146.0,5,5,3,74.5,7,100.0,84.2,15,4,89.4
51.7,1,2,0,0.0,0,47.3,5.2,6,0,22.1
91.2,1,3,1,28.5,5,48.3,67.5,14,1,48.1
166.2,3,4,4,103.8,3,90.9,97.8,9,1,86.1
1.1,0,1,0,0.0,0,0.0,5.0,10,1,2.5
201.4,7,8,7,175.0,6,98.2,94.1,8,2,96.7
147.4,5,6,4,99.0,3,94.2,44.6,9,3,77.6
34.2,1,3,0,0.0,1,31.5,23.1,9,1,24.8
79.3,2,3,1,29.3,1,66.3,61.4,8,6,35.5
137.2,5,7,4,103.2,2,88.1,85.0,10,0,72.9
175.3,6,7,6,157.9,12,90.7,85.6,19,1,93.4
206.7,7,7,7,181.7,7,100.0,88.8,7,3,97.7
125.7,4,6,2,50.3,3,76.1,75.8,15,3,68.3
110.7,4,4,6,147.3,4,97.2,81.9,15,4,82.9
59.5,0,1,0,0.0,1,18.9,31.6,15,2,16.1
71.0,2,4,3,98.0,2,50.6,69.6,11,6,50.3
67.5,2,3,4,97.7,6,61.9,47.7,14,3,58.7
26.3,3,6,2,40.0,0,39.5,57.6,16,0,32.6
82.1,4,5,1,32.9,2,73.3,63.6,12,6,49.5
215.2,5,7,6,152.1,13,87.3,82.2,13,3,93.3
122.2,5,5,1,55.2,4,95.1,92.8,10,6,78.0
74.9,3,4,4,100.3,3,69.3,85.2,19,4,64.0
24.4,0,3,0,0.0,0,9.6,40.9,14,1,8.5
73.3,4,4,2,46.6,2,91.9,62.7,17,1,58.5
133.1,6,7,1,20.1,5,97.3,66.7,10,4,72.9
149.7,3,6,5,120.0,5,68.8,70.5,10,0,78.7
93.2,4,4,1,31.6,5,90.5,76.6,6,6,63.8
6.8,0,3,0,0.0,0,6.6,16.2,15,0,5.1
86.7,5,7,1,29.7,4,74.8,57.0,5,1,53.4
154.5,8,8,11,283.4,7,100.0,88.3,10,2,100.0
4.0,0,1,0,0.0,0,2.5,26.2,15,5,8.5
51.2,2,11,2,40.0,0,26.0,50.7,2,0,19.7
99.3,2,8,2,40.0,0,50.1,36.3,16,1,39.5
127.4,4,5,0,-1.2,3,85.3,72.3,18,2,58.0
130.5,7,7,5,122.4,3,96.1,94.5,19,3,84.4
31.8,0,2,0,0.0,0,8.0,34.6,12,3,7.3
108.0,3,4,3,80.9,5,77.4,76.0,12,6,71.2
269.5,4,4,4,101.8,8,97.8,74.8,11,0,95.0
122.9,5,5,10,254.1,5,97.4,87.5,15,1,85.2
96.4,3,4,3,75.7,2,82.2,63.4,9,2,60.5
107.8,1,3,2,48.6,0,55.5,95.0,17,2,47.8
72.9,2,11,1,20.0,2,33.0,55.1,8,4,29.8
142.9,4,4,1,50.5,7,100.0,70.4,18,5,83.4
119.5,3,4,0,-1.0,4,81.6,86.4,15,3,58.9
81.3,4,4,2,45.6,3,93.9,83.8,13,3,52.2
168.9,5,7,5,124.1,5,84.9,48.3,14,1,85.0
179.5,5,6,8,202.9,4,87.8,58.9,16,2,90.9
309.0,7,8,10,250.5,6,94.4,83.7,14,4,97.6
101.2,5,7,3,79.7,3,77.0,56.8,10,2,66.7
78.4,2,7,3,60.0,1,46.5,43.8,16,3,32.6
125.4,3,4,2,46.1,2,89.7,67.8,15,2,62.6
111.6,2,4,0,4.0,1,67.5,70.9,8,4,42.5
116.6,3,4,4,103.3,3,76.0,72.2,17,0,67.2
242.3,7,7,6,152.6,10,100.0,77.1,16,3,100.0
49.6,0,1,0,0.0,0,16.2,50.8,10,0,15.4
79.8,3,4,3,82.8,4,75.6,51.9,5,5,57.6
22.6,1,7,3,60.0,3,17.7,46.5,9,1,31.0
224.2,5,5,11,277.1,8,100.0,95.1,12,3,100.0
203.4,5,5,5,121.3,9,99.1,86.6,10,4,100.0
123.8,2,3,3,70.9,4,78.2,80.2,16,1,69.9
163.3,2,3,1,22.4,5,82.6,61.1,12,1,67.9
238.2,4,5,3,77.0,6,93.3,88.1,9,0,92.0
122.3,6,6,6,149.4,3,100.0,84.0,16,4,81.7
13.8,1,3,2,50.0,0,23.7,29.5,5,4,18.3
95.0,5,6,1,20.9,1,72.6,67.4,16,4,53.7
185.6,6,6,7,178.5,7,99.3,80.0,15,3,99.8
246.7,5,7,7,182.5,14,75.8,85.2,17,4,92.8
25.7,1,3,0,0.0,0,25.1,44.0,16,4,17.4
105.6,5,5,8,208.2,4,98.4,79.5,11,0,76.2
193.3,7,9,9,223.2,6,87.2,100.0,9,1,98.6
71.1,5,5,3,78.4,5,78.5,74.5,10,2,71.4
165.6,4,6,1,23.8,4,82.4,54.2,7,2,68.0
297.7,6,7,7,182.4,3,84.9,91.0,16,2,94.6
139.0,2,3,2,45.1,6,71.2,68.4,12,2,70.3
155.2,9,9,2,56.0,9,100.0,93.2,9,3,87.2
174.3,5,6,9,224.9,4,89.9,90.2,10,2,93.9
82.3,4,7,7,174.1,5,64.6,79.0,9,4,65.4
160.0,5,6,3,73.9,4,94.6,59.2,8,2,73.8
60.4,8,11,1,20.0,0,61.8,10.0,7,3,30.5
131.4,3,4,3,78.5,0,88.5,40.1,12,5,59.9
5.7,0,2,0,0.0,1,11.1,56.3,9,5,9.2
11.4,0,1,0,0.0,1,2.3,30.3,1,2,9.0
52.6,5,6,5,123.9,1,65.7,84.3,15,1,64.8
94.7,3,6,0,0.0,2,63.7,32.4,16,2,39.6
33.6,0,1,0,0.0,0,10.4,32.5,14,3,12.0
78.2,4,7,1,20.0,1,61.6,33.6,15,1,34.7
15.2,1,2,0,0.0,0,29.3,17.6,13,4,15.6
310.1,6,6,6,155.9,11,100.0,86.1,11,2,98.3
196.4,7,7,8,200.4,9,100.0,86.3,10,4,96.7
280.3,5,6,7,180.5,8,89.6,79.0,12,4,97.5
65.4,2,4,2,54.9,4,52.4,66.4,9,0,50.2
26.3,1,1,0,0.0,0,67.4,48.0,20,2,30.0
299.0,8,9,10,246.8,3,93.9,100.0,15,3,93.4
106.8,6,7,2,53.8,1,89.6,56.6,8,2,57.9
68.3,4,5,1,27.9,2,75.5,56.0,10,2,49.5
173.1,4,5,6,155.0,5,93.5,84.8,9,3,89.5
106.3,3,3,1,27.6,7,94.6,60.7,13,1,68.2
132.6,2,3,5,128.2,3,84.7,51.8,11,0,70.7
190.8,7,8,9,224.0,5,100.0,83.0,20,1,90.9
82.3,1,6,1,20.0,2,43.0,29.4,9,4,30.8
14.1,2,3,0,0.0,0,48.4,5.0,3,2,17.9
98.4,5,6,4,100.0,5,84.2,78.1,17,3,80.9
160.9,1,4,3,72.6,4,57.2,57.0,14,2,58.6
70.8,3,8,0,0.0,2,49.0,42.5,15,2,37.8
131.0,5,5,4,96.2,3,95.6,81.3,14,3,81.8
49.5,5,6,1,49.4,13,71.9,70.9,8,5,56.3
127.1,5,7,6,149.1,4,80.2,83.3,11,3,76.7
177.0,4,5,4,102.4,4,86.4,78.6,8,2,84.2
49.2,3,9,2,40.0,1,38.8,39.8,14,4,34.2
111.9,4,5,0,-2.5,4,83.8,67.2,9,3,61.6
128.0,4,6,3,74.8,5,79.4,75.1,13,4,68.6
226.3,4,7,3,78.9,8,78.6,74.0,16,0,83.1
113.9,1,3,4,96.1,3,67.6,90.2,10,3,60.8
89.7,5,6,3,78.5,5,81.0,73.0,5,0,68.1
13.0,0,1,1,25.0,0,7.1,23.5,0,3,9.4
196.2,8,9,5,131.0,6,97.6,80.6,11,1,95.9
80.4,3,5,1,20.0,1,62.4,59.8,15,3,41.6
140.5,4,5,2,47.1,2,85.4,76.7,13,3,66.3
59.1,4,5,5,128.8,5,68.1,60.8,10,5,65.3
82.6,5,6,2,51.8,2,80.2,87.2,10,3,58.2
72.8,6,6,1,31.6,0,83.1,68.7,3,6,47.4
109.5,1,3,6,152.2,4,57.9,65.9,7,3,55.3
50.7,3,10,2,40.0,0,33.5,40.4,19,0,26.6
207.4,9,9,4,103.3,6,100.0,79.0,19,3,100.0
109.4,3,4,5,122.1,4,79.6,68.0,12,4,71.4
167.1,9,9,6,160.0,8,100.0,77.3,15,3,95.4
201.4,5,5,4,95.2,6,100.0,82.2,11,3,95.8
189.9,7,7,3,70.1,3,100.0,81.5,15,3,85.8
265.4,5,5,5,133.2,14,100.0,77.0,15,2,100.0
62.6,3,3,4,98.6,3,78.2,52.7,11,1,63.8
120.5,6,7,3,70.6,3,91.2,81.3,17,3,62.7
106.7,2,5,3,79.3,5,57.4,58.4,16,0,67.3
26.9,0,3,1,25.0,0,6.1,40.0,15,2,12.1
93.8,6,6,3,74.1,4,82.3,83.9,7,2,72.5
75.7,6,7,1,31.4,4,71.1,71.0,16,5,59.1
124.6,5,6,6,150.5,4,88.7,66.7,11,1,81.9
20.3,1,2,2,50.0,1,32.9,21.4,10,0,26.9
41.0,3,5,1,26.0,0,60.2,70.0,15,5,35.4
101.3,4,6,5,121.6,5,70.1,79.5,15,3,71.0
163.9,3,3,5,122.6,4,100.0,52.7,7,3,81.1
132.1,2,4,4,101.3,8,70.2,66.4,12,0,69.4
147.4,3,5,6,146.2,9,78.1,77.9,15,0,83.5
49.9,1,7,1,39.0,0,26.3,33.6,14,6,24.3
231.1,8,8,9,233.4,3,100.0,90.5,0,0,90.2
92.7,4,8,1,31.4,12,63.0,76.3,9,6,58.7
228.1,8,9,4,99.7,5,97.8,82.1,13,0,88.3
2.1,1,3,2,50.0,0,22.0,42.7,19,4,15.0
88.3,2,4,1,32.3,1,56.4,62.7,21,5,43.4
143.5,3,5,3,83.5,6,78.0,86.0,7,0,72.3
113.1,1,3,7,174.0,9,53.3,68.2,11,3,72.1
98.8,4,6,1,29.7,4,67.8,72.5,20,0,53.0
104.3,3,3,2,45.1,5,94.9,71.0,12,4,69.7
96.7,3,3,7,171.1,2,95.1,63.1,12,2,75.4
86.1,4,5,5,126.8,1,73.5,85.6,15,0,63.4
17.3,0,2,1,25.0,1,13.4,34.9,11,3,12.9
14.3,1,3,1,25.0,0,18.4,31.6,11,0,19.7
146.3,5,5,6,145.3,9,100.0,78.0,12,2,92.9
124.7,6,7,3,70.2,10,91.9,68.6,14,2,77.9
83.7,3,8,1,20.0,0,44.6,38.9,7,1,32.7
101.3,5,7,3,82.2,1,81.9,60.9,10,5,61.8
90.0,0,1,0,0.0,0,30.8,27.4,21,3,19.2
221.0,8,8,2,47.8,5,100.0,91.7,7,3,84.0
137.2,6,6,4,118.3,6,100.0,95.4,8,5,90.6
48.1,3,4,4,103.3,5,63.2,65.9,13,0,61.1
49.8,2,10,0,0.0,1,22.7,30.2,15,4,25.9
240.1,2,5,9,221.5,5,66.8,100.0,10,3,82.9
243.1,5,7,9,220.3,11,89.1,93.8,19,3,93.8
39.9,5,8,0,0.0,2,46.4,45.6,16,0,36.9
103.1,3,4,4,104.5,5,83.8,64.1,10,4,71.0
202.4,6,9,7,182.9,2,78.9,86.4,16,4,83.2
161.2,4,6,3,82.0,15,90.8,95.9,17,5,85.3
86.4,4,8,2,40.0,0,65.5,32.4,16,1,39.8
83.6,5,6,1,34.9,2,81.6,83.7,15,6,54.4
102.4,3,4,6,147.0,3,83.9,84.0,9,4,69.7
41.8,2,11,2,40.0,1,22.6,41.3,15,4,29.2
122.9,2,4,4,104.0,6,70.7,50.3,8,0,68.6
22.6,0,3,1,25.0,0,2.7,45.2,14,0,13.4
12.1,2,7,0,0.0,1,21.8,12.8,9,2,9.0
264.4,2,4,3,76.6,8,74.1,86.3,17,1,78.9
131.3,5,6,2,51.2,3,89.1,65.7,9,1,72.9
39.3,2,5,1,20.0,0,37.5,50.2,14,3,26.2
57.2,0,6,0,0.0,1,15.6,49.7,13,2,17.7
42.1,0,1,0,0.0,0,15.5,15.1,18,1,5.7
91.4,2,3,1,47.5,2,65.7,67.6,14,6,54.0
159.3,8,8,3,103.9,4,96.2,77.8,11,6,88.3
195.9,4,5,5,134.0,6,86.7,79.0,13,2,90.9
103.6,5,7,6,148.5,5,80.3,72.6,17,1,77.7
26.5,3,10,0,13.0,2,26.2,51.6,13,5,20.9
53.3,1,3,3,70.8,0,43.2,70.5,18,4,30.9
239.4,3,4,6,151.2,6,79.4,90.7,14,0,92.7
198.4,1,3,5,129.9,3,56.4,67.9,17,1,78.0
117.7,2,3,2,48.1,2,75.3,88.3,10,4,56.6
104.8,2,3,3,73.4,7,70.0,66.7,6,0,67.9
139.3,5,6,2,50.5,2,90.8,94.1,13,0,64.4
156.8,3,3,4,97.4,4,97.3,57.3,12,1,82.0
94.3,3,7,3,73.2,5,53.8,66.8,7,2,56.6
0.0,4,11,2,40.0,1,18.0,51.2,10,4,27.5
105.0,1,5,1,20.0,2,48.6,41.2,14,3,38.1
336.4,3,4,4,105.4,6,88.9,83.1,19,1,88.3
57.1,4,5,3,75.1,5,68.8,72.3,11,3,64.4
139.8,5,6,7,184.9,9,87.0,81.3,8,0,84.5
151.2,1,3,3,79.0,2,62.0,80.7,10,0,63.3
79.0,6,6,1,30.1,9,84.5,86.2,9,5,72.4
10.3,0,1,0,0.0,1,4.3,49.1,17,1,14.8
31.8,3,7,0,13.0,2,36.5,50.0,9,5,30.7
273.4,7,8,10,255.3,7,97.8,87.7,10,2,99.3
235.5,7,7,9,230.3,4,100.0,81.0,2,4,90.8
75.8,1,10,1,20.0,1,28.0,39.3,12,0,30.7
108.5,2,5,4,100.0,0,57.9,64.8,20,4,49.4
314.8,2,4,5,120.9,6,77.0,71.6,13,1,81.7
67.5,5,5,1,50.1,3,78.1,82.5,14,5,64.0
39.4,0,2,0,0.0,0,13.2,18.3,14,1,9.4
95.1,4,5,4,98.1,2,77.4,88.8,15,2,72.4
93.1,6,7,1,48.2,4,91.8,91.1,16,5,69.0
28.0,1,10,0,0.0,0,17.4,30.3,19,6,8.7
308.8,7,7,5,125.8,9,95.2,85.4,16,1,100.0
62.1,1,4,1,21.5,3,31.8,67.9,13,2,32.5
58.3,2,2,0,0.0,0,78.3,38.9,14,5,39.8
295.5,4,6,12,299.6,7,75.6,99.4,12,0,95.6
187.7,2,4,2,58.2,9,74.9,82.4,11,1,78.4
164.3,3,3,7,178.8,3,97.0,78.9,10,4,84.6
74.3,2,7,1,20.0,0,44.9,48.6,8,2,26.5
175.6,6,9,6,145.4,13,78.8,92.5,17,4,91.4
157.8,2,4,2,52.6,5,74.5,63.2,14,2,71.4
79.3,3,4,1,47.8,6,66.7,57.2,10,6,61.7
120.1,3,4,6,148.0,3,88.1,71.7,8,2,71.9
189.0,7,7,8,200.4,8,95.4,66.7,11,0,94.0
0.0,2,7,0,13.0,0,7.4,33.4,9,6,15.6
92.5,2,6,1,20.0,0,53.3,54.4,10,3,34.6
35.0,3,5,3,60.0,1,51.1,14.0,17,1,38.3
76.4,5,7,5,132.7,9,67.4,83.3,10,0,75.1
32.6,0,6,1,39.0,0,13.9,23.1,18,5,11.2
30.0,3,4,2,46.8,6,57.0,70.0,12,0,56.4
37.3,3,7,2,40.0,0,32.7,31.5,15,0,26.6
142.5,3,4,4,100.8,1,91.7,59.7,11,0,69.8
216.6,6,7,2,53.1,8,90.8,86.3,9,1,89.8
143.7,2,6,3,77.6,2,59.5,90.4,14,4,64.0
93.2,2,5,3,76.3,3,49.3,62.4,16,0,54.6
45.7,1,5,1,20.0,0,28.9,61.8,18,1,20.8
2.1,3,3,0,0.0,1,61.4,27.8,16,1,22.4
235.7,7,7,3,72.9,3,100.0,71.5,10,4,90.0
252.5,9,9,5,122.8,8,100.0,90.8,10,3,100.0
87.7,3,4,6,148.1,5,77.4,60.4,9,0,71.0
79.2,4,7,5,125.2,2,65.8,73.4,8,1,56.0
87.7,5,5,4,102.3,3,93.1,79.1,16,2,75.9
133.6,2,3,3,75.8,4,86.5,74.5,17,4,69.7
43.1,1,3,1,25.0,0,34.2,38.4,9,2,25.3
66.5,3,6,1,27.5,4,57.4,76.4,8,0,49.2
81.9,4,5,3,71.3,4,71.8,52.7,18,4,60.2
143.4,4,4,1,28.2,5,98.3,71.2,15,0,73.4
72.4,4,7,1,28.8,6,55.1,61.2,16,3,54.9
80.9,2,3,3,97.3,4,60.3,63.3,18,6,56.4
173.9,1,3,2,53.8,5,57.7,78.5,15,1,70.0
194.5,4,4,8,196.6,6,96.2,85.3,16,2,96.6
55.1,4,7,6,154.8,7,53.5,69.9,10,2,66.2
137.0,1,4,5,129.5,6,54.1,74.2,7,0,66.5
137.9,8,8,3,70.1,9,95.3,73.4,17,0,87.9
68.3,1,8,0,0.0,2,37.0,28.2,15,2,24.9
162.9,2,4,4,107.5,8,71.0,85.9,14,3,85.2
133.0,4,4,2,45.6,5,99.8,74.9,20,0,72.4
85.5,3,4,4,96.3,1,73.1,69.3,20,0,53.7
65.3,2,7,0,0.0,1,39.4,34.9,17,2,25.3
67.4,4,11,0,0.0,1,44.9,39.7,8,0,34.7
52.8,4,6,3,70.1,3,58.9,58.1,8,0,45.9
265.7,4,5,5,122.6,5,83.6,87.8,12,0,97.8
7.9,2,3,0,0.0,0,47.8,48.4,15,2,22.9
189.6,7,7,5,133.0,7,97.1,74.4,1,3,100.0
55.3,3,6,1,20.0,3,51.3,40.5,8,1,37.3
126.6,5,7,3,77.0,2,89.2,64.7,8,0,59.1
133.2,2,5,3,78.1,0,67.3,61.6,16,3,58.5
75.4,4,6,2,48.1,3,65.1,59.3,8,0,44.3
123.0,9,9,5,135.8,7,100.0,82.9,18,6,89.1
118.7,4,4,2,45.1,6,95.2,62.2,7,3,69.4
40.0,4,5,6,153.0,1,65.5,72.7,10,0,55.0
57.3,2,4,1,31.6,8,51.9,79.1,14,6,48.7
65.1,6,7,4,95.4,4,78.3,71.7,14,2,71.5
211.7,7,7,8,196.2,8,100.0,84.9,9,0,100.0
134.9,5,5,4,104.6,12,100.0,86.9,16,2,85.7
80.7,3,3,4,96.6,3,89.9,65.9,15,4,66.4
47.4,3,5,1,29.7,5,50.5,59.4,12,5,51.0
153.0,8,8,2,70.4,7,100.0,93.4,15,5,90.5
80.4,5,6,0,17.7,3,74.8,63.2,10,6,56.2
76.6,4,4,4,103.3,5,84.0,80.6,15,3,75.4
104.5,4,6,2,52.7,1,69.1,66.1,14,2,56.0
60.9,5,9,0,0.0,2,58.9,59.9,14,3,40.5
74.3,3,10,1,20.0,1,38.9,56.1,12,4,38.1
160.7,3,4,3,79.8,6,85.7,90.2,19,1,84.0
210.5,7,8,8,201.3,11,88.7,85.7,13,1,93.2
1.6,0,3,0,0.0,1,2.5,17.9,17,0,7.1
64.6,2,7,1,20.0,2,40.5,28.5,17,2,34.4
6.3,1,1,0,0.0,2,66.7,18.7,8,5,31.9
195.9,3,4,10,248.3,6,82.9,86.0,15,1,95.8
146.1,2,4,8,207.9,10,74.3,86.3,11,3,80.1
207.1,7,8,8,207.6,8,96.8,71.3,15,0,90.6
163.6,5,7,5,124.7,8,87.9,84.9,21,1,83.9
271.3,7,7,7,178.1,8,100.0,79.7,14,1,100.0
160.1,3,3,0,-1.9,2,97.2,68.9,13,2,61.6
128.0,6,6,0,1.6,4,100.0,59.9,14,0,65.8
198.6,4,6,4,99.7,5,77.6,83.8,6,4,84.8
138.5,3,5,2,47.2,4,68.4,73.4,14,0,64.3
147.2,4,5,4,100.3,4,93.2,76.5,9,2,83.6
1.5,2,3,0,0.0,1,42.5,5.0,9,4,19.8
86.0,4,6,1,50.5,10,66.7,81.6,9,6,67.5
110.6,7,7,5,126.9,0,99.8,71.0,18,2,71.9
164.7,2,3,2,50.5,4,83.3,73.4,16,3,70.3
227.8,3,6,5,129.1,10,68.3,100.0,15,0,92.3
246.1,5,8,5,126.5,5,83.5,89.4,15,2,89.0
187.7,1,3,2,54.9,4,62.4,89.2,13,1,71.3
254.1,7,7,7,174.3,10,98.3,92.3,15,2,100.0
84.3,3,5,0,0.0,1,62.3,30.9,11,2,41.8
90.0,1,1,0,0.0,0,91.1,27.0,11,0,44.2
106.4,6,6,4,100.6,10,94.9,94.5,16,4,84.9
164.8,3,3,4,95.1,3,100.0,66.0,19,1,75.1
150.7,5,7,5,124.9,3,77.1,52.4,7,3,75.6
81.2,7,7,2,67.8,7,85.9,55.6,9,5,75.7
65.7,3,3,3,70.8,3,75.9,63.3,7,0,55.4
87.7,4,5,2,47.0,3,74.1,65.0,12,3,53.0
16.9,3,11,0,0.0,0,25.3,38.5,1,4,15.4
117.7,3,4,6,164.3,6,89.5,92.6,16,5,82.6
22.3,3,9,3,60.0,0,32.8,61.6,15,1,23.9
134.6,4,6,4,96.3,1,83.3,74.2,17,2,70.2
207.2,9,9,7,184.5,3,97.6,97.7,16,1,96.9
253.2,6,7,4,101.2,12,90.7,97.1,7,1,90.4
221.7,9,9,6,155.7,6,97.8,89.2,15,1,99.7
99.4,4,5,3,71.9,3,81.1,76.4,14,2,64.8
156.8,4,4,1,22.9,4,100.0,67.5,8,2,76.3
57.1,5,8,0,0.0,2,54.8,45.2,1,6,37.2
186.8,8,9,3,103.7,8,88.1,97.9,14,5,99.0
49.2,4,11,0,0.0,3,40.1,58.3,9,4,37.5
271.5,8,8,9,222.0,13,96.8,75.3,19,1,100.0
250.3,7,8,8,200.2,6,91.8,80.4,15,0,97.8
93.0,3,4,8,202.2,6,81.2,76.6,15,3,69.2
139.1,2,8,3,60.0,2,48.9,65.2,19,4,51.1
53.5,2,4,3,80.9,3,49.1,55.9,13,6,42.7
286.4,1,4,12,295.0,8,64.0,82.7,13,4,78.5
224.3,3,4,3,84.5,11,83.6,88.6,15,1,90.9
4.1,0,1,0,0.0,0,2.2,25.4,9,1,8.9
36.8,3,3,1,25.0,0,71.2,39.3,8,4,29.1
136.9,3,5,4,96.6,7,75.3,73.8,10,1,80.0
62.8,3,4,1,32.8,3,62.7,86.1,7,5,47.0
171.0,6,7,0,2.9,2,92.4,95.0,11,0,77.3
302.4,4,8,3,73.8,11,76.7,93.7,16,4,82.6
152.2,5,6,6,152.6,2,87.5,52.8,14,3,77.4
124.1,3,3,3,71.9,3,100.0,73.0,9,1,72.4
145.0,5,7,1,21.5,5,82.7,72.1,16,2,70.5
47.4,3,5,2,40.0,2,58.0,19.6,1,3,32.0
238.0,8,8,5,127.1,4,100.0,77.6,15,0,93.2
85.6,4,5,2,46.1,4,84.6,71.5,8,0,55.2
91.6,3,3,4,103.7,3,86.5,73.2,15,3,72.8
58.5,1,3,0,0.0,1,40.4,43.7,14,5,26.4
172.7,5,5,3,95.6,5,100.0,71.9,16,5,91.0
73.7,5,9,2,40.0,1,54.3,21.2,13,2,34.3
81.8,3,7,0,0.0,0,49.7,33.7,10,3,34.4
48.1,4,7,2,40.0,0,55.0,51.4,7,1,32.8
146.9,4,7,7,173.8,5,71.1,83.6,16,2,83.0
238.0,6,7,7,181.9,7,88.5,78.7,12,1,100.0
179.3,6,7,5,125.2,3,92.6,78.8,14,3,92.6
202.4,4,5,6,150.0,4,94.4,78.0,17,4,93.7
98.7,6,6,3,72.8,4,97.7,77.1,15,2,70.9
85.3,4,4,4,103.7,1,87.5,90.8,12,0,65.3
117.6,4,6,4,95.0,3,80.4,68.0,14,3,67.1
10.3,2,3,2,50.0,1,39.3,32.9,15,3,31.2
163.0,4,5,7,184.1,13,92.5,73.1,14,3,87.8
59.1,4,5,6,146.1,5,64.5,91.2,15,1,69.2
272.9,8,9,7,179.7,4,92.9,88.4,10,0,95.6
147.0,3,4,8,200.4,7,85.2,88.9,8,0,91.5
8.6,2,3,1,25.0,0,39.9,43.5,17,1,25.6
46.1,3,8,1,20.0,1,33.8,49.4,13,1,30.1
96.3,5,6,6,161.7,6,80.7,100.0,19,6,79.6
200.6,7,7,2,58.3,8,100.0,96.7,8,0,92.4
141.9,3,4,2,52.8,3,78.0,79.1,8,2,69.1
109.4,8,9,5,132.7,5,88.5,67.0,10,2,83.1
78.8,5,6,3,97.0,7,77.4,75.3,2,6,62.1
34.5,3,5,1,51.4,8,46.0,86.5,0,5,51.1
214.8,5,8,6,158.9,7,70.8,83.7,12,0,91.6
54.6,4,4,3,72.0,1,84.0,60.8,10,1,53.3
75.1,3,11,2,40.0,1,44.4,39.3,14,2,38.0
131.3,4,7,6,149.8,4,81.5,76.9,15,0,74.4
203.6,6,7,12,308.9,8,91.1,90.9,12,2,100.0
128.4,5,6,5,123.5,11,83.6,90.1,14,2,87.5
149.0,8,9,2,64.3,8,98.9,87.7,17,5,85.3
3.3,1,7,1,20.0,2,16.4,37.5,9,1,15.4
224.2,8,8,8,204.5,6,100.0,94.7,17,2,100.0
168.5,3,3,3,74.6,4,100.0,71.7,8,4,80.2
116.8,5,7,5,127.5,4,89.5,82.9,20,4,77.8
66.7,0,5,1,20.0,1,16.7,47.9,15,1,29.1
207.7,6,7,6,156.0,9,88.6,83.0,17,4,95.1
50.5,4,7,0,0.0,1,53.7,55.3,9,2,38.7
106.0,2,5,6,145.8,5,64.3,64.5,10,2,65.0
109.4,7,7,5,125.5,9,93.0,64.2,9,1,83.1
36.7,2,3,0,0.0,0,55.4,17.1,19,2,18.6
102.3,4,6,5,120.4,3,76.2,60.1,15,1,71.7
158.3,4,5,5,130.6,5,94.9,74.1,14,2,92.2
100.5,2,4,4,102.2,3,62.6,64.2,7,1,54.3
135.2,4,6,6,148.8,4,73.3,75.5,9,0,81.9
79.8,4,5,5,124.7,3,71.4,62.0,11,4,67.8
417.4,9,9,6,157.3,3,99.9,79.4,12,0,92.2
253.2,4,4,6,150.2,13,100.0,80.8,11,3,98.5
214.1,5,5,7,175.2,7,98.3,95.9,12,2,97.9
202.9,3,4,11,281.8,3,82.2,92.6,19,1,82.0
78.0,3,3,3,73.2,1,83.2,84.4,10,2,58.9
150.6,6,8,3,81.0,5,83.5,83.2,15,6,82.7
103.6,3,4,2,45.8,6,81.0,72.8,15,4,65.2
52.8,1,1,0,0.0,0,82.0,22.7,14,0,33.0
145.7,4,5,7,176.9,3,87.0,52.3,9,2,77.2
240.8,6,6,8,201.5,5,100.0,81.6,9,3,99.1
54.1,4,7,2,48.0,7,50.5,63.1,15,3,55.1
57.2,6,7,3,70.9,7,61.2,57.3,10,4,66.1
45.1,3,7,2,40.0,1,37.7,70.0,7,0,32.0
138.0,1,5,2,62.7,6,55.8,81.1,16,6,67.0
104.4,6,6,2,46.9,6,91.4,40.8,17,3,70.6
19.2,2,5,2,40.0,3,26.6,47.1,12,2,30.8
46.0,3,4,2,45.5,3,59.7,55.2,17,3,45.7
66.5,4,5,1,20.5,4,71.3,74.6,13,0,52.4
98.1,3,7,2,50.3,1,59.3,89.9,13,1,52.3
165.1,7,7,9,220.7,6,99.6,87.7,11,2,99.7
51.2,2,3,0,0.0,0,59.3,46.7,10,3,27.8
101.2,6,6,3,72.7,6,92.8,76.5,16,2,80.0
10.1,3,7,4,80.0,1,28.4,40.2,11,0,29.0
57.5,3,11,2,40.0,3,32.0,43.0,17,0,40.2
169.1,3,3,5,125.3,1,100.0,61.4,7,4,76.1
196.8,8,8,6,156.0,9,100.0,83.6,11,0,100.0
127.1,4,5,9,232.9,6,90.3,100.0,9,3,84.8
79.2,1,4,4,101.0,8,40.5,78.3,20,1,56.0
173.9,6,6,6,148.7,7,100.0,93.8,19,3,95.4
0.5,2,3,1,25.0,0,39.1,53.0,14,2,33.0
95.9,5,7,0,-0.9,2,75.2,56.6,10,4,53.6
144.6,7,7,1,20.6,4,97.7,70.9,16,3,73.9
95.0,3,8,2,40.0,0,65.3,40.6,17,3,43.0
79.3,4,4,1,32.3,3,91.1,70.6,11,5,59.4
13.6,2,3,2,50.0,0,40.3,40.6,12,3,27.2
40.9,3,3,5,126.2,1,72.0,82.3,6,0,54.5
208.7,9,9,10,251.6,11,97.6,87.3,13,3,95.0
46.2,5,9,2,40.0,1,46.7,54.9,16,2,42.8
34.6,0,1,0,0.0,1,14.2,47.4,11,6,24.4
45.9,1,1,0,0.0,0,75.6,51.3,9,1,38.0
50.7,3,11,0,0.0,1,45.0,24.3,12,2,30.4
119.8,6,7,3,96.0,6,86.2,83.1,14,6,80.2
76.8,3,9,1,20.0,0,48.3,31.6,15,2,35.4
191.1,7,8,3,82.3,8,96.5,89.1,16,4,94.8
102.8,4,5,2,47.8,5,85.3,95.0,15,0,76.0
11.2,2,9,1,20.0,0,19.9,12.5,11,3,11.4
198.3,6,7,3,74.2,8,88.2,75.3,10,0,91.7
89.0,1,4,4,98.0,1,44.2,58.1,13,2,42.9
268.0,7,7,6,158.6,6,99.6,80.4,9,3,96.1
78.7,5,5,4,103.1,3,81.9,87.7,12,2,68.7
88.9,2,3,3,78.2,3,71.6,73.3,16,4,59.3
205.6,8,9,9,222.3,2,94.1,70.6,19,1,87.0
112.8,5,6,4,103.3,5,87.1,65.9,11,2,76.6
125.9,4,6,5,123.4,3,80.7,62.5,18,4,71.9
181.7,6,6,5,128.1,12,99.5,95.7,18,2,96.9
91.6,3,6,2,50.1,1,66.9,95.0,14,1,49.8
249.9,4,4,4,103.0,5,95.5,84.3,13,1,90.1
72.3,5,7,2,63.1,6,67.3,73.1,0,5,61.7
66.7,0,3,1,46.6,4,26.6,95.0,7,6,37.2
87.0,6,11,2,40.0,0,64.2,27.8,7,4,39.5
280.7,9,9,5,127.9,5,99.6,99.2,17,2,97.1
190.3,5,5,3,79.3,14,97.3,83.1,9,3,93.6
265.0,3,6,2,59.6,6,65.1,81.6,11,3,83.4
172.6,3,4,3,80.6,9,82.3,79.5,11,5,87.4
74.1,6,7,3,99.5,1,68.7,62.2,15,6,60.4
122.8,4,7,6,148.1,3,70.8,64.3,13,1,64.5
94.4,4,4,3,78.2,3,95.2,61.7,14,0,67.5
258.0,8,8,7,184.0,5,100.0,88.4,15,1,96.0
80.1,3,10,2,40.0,1,41.2,43.7,19,3,32.6
264.0,9,9,4,106.4,7,100.0,76.6,9,3,99.6
95.2,1,10,4,80.0,0,36.6,33.7,8,2,36.7
110.7,1,5,4,100.7,7,47.0,95.0,13,1,66.6
164.9,5,5,11,284.0,2,100.0,82.0,12,2,83.0
182.5,3,7,3,73.5,3,65.2,65.8,3,2,76.8
11.4,1,3,0,0.0,2,27.1,45.4,15,2,20.6
22.6,2,6,1,20.0,0,32.7,22.5,15,2,21.4
158.6,7,7,2,48.5,5,94.3,67.3,17,1,81.8
194.7,7,7,2,46.4,2,97.9,60.4,17,0,77.0
36.5,1,2,0,0.0,0,42.6,56.0,6,3,24.1
90.2,4,4,5,127.3,2,92.0,62.1,16,2,66.6
55.2,3,5,2,47.6,4,55.1,54.7,5,1,45.5
172.5,4,6,8,198.6,2,80.5,76.4,10,2,82.3
134.1,7,7,3,76.2,2,100.0,88.7,20,2,70.8
197.3,4,6,4,99.5,7,75.1,81.7,2,0,85.7
146.9,5,5,5,123.4,4,100.0,81.5,16,0,86.2
168.6,3,5,5,120.9,2,73.7,60.6,11,0,78.4
53.2,5,7,5,131.3,2,58.0,71.2,15,6,62.5
120.6,4,5,3,78.0,4,80.9,42.5,7,0,63.9
190.0,2,5,2,48.6,3,61.8,77.5,7,1,63.5
110.1,4,5,4,104.0,1,89.1,88.5,11,3,73.5
5.0,0,2,0,0.0,0,0.9,40.6,16,0,6.5
37.4,3,4,2,67.7,2,58.5,67.8,17,6,49.9
132.4,5,7,5,123.0,3,86.0,65.1,16,0,76.1
168.4,5,6,3,77.8,5,89.4,70.0,9,3,85.7
103.0,4,4,3,76.8,3,100.0,66.2,16,0,66.9
2.1,3,3,2,50.0,0,62.7,52.7,12,4,35.9
50.4,2,8,2,40.0,0,29.3,48.9,11,0,27.4
137.1,2,3,1,28.2,5,80.8,69.8,16,0,65.9
171.3,4,4,4,108.0,3,96.4,76.9,13,2,86.0
142.9,5,6,4,100.5,2,85.7,55.3,15,4,74.6
185.7,3,4,6,153.1,9,91.5,93.5,15,4,93.5
74.6,5,6,2,50.9,2,70.0,59.6,9,3,50.5
31.0,2,3,4,116.8,5,48.7,85.5,1,5,58.8
231.6,3,5,5,129.9,2,75.4,84.9,16,2,78.6
76.0,2,4,6,148.4,4,60.0,78.7,8,4,57.6
196.1,7,7,7,170.4,5,97.7,82.4,14,4,91.8
48.7,1,3,1,25.0,0,41.4,5.0,14,3,23.5
74.2,3,5,1,48.2,3,56.3,70.4,11,5,48.5
220.4,8,8,6,153.5,9,100.0,86.9,14,2,100.0
158.9,9,9,3,79.3,7,100.0,98.6,17,4,92.4
40.6,4,6,0,0.0,0,50.2,47.7,15,1,31.7
30.0,5,6,4,99.1,2,61.5,86.2,14,0,55.4
33.6,4,10,0,13.0,2,37.7,65.9,13,6,30.8
209.9,6,8,5,133.5,7,85.5,79.8,13,1,89.0
257.4,5,5,8,208.4,9,100.0,82.3,11,1,99.0
124.2,5,5,1,22.5,1,100.0,69.5,8,4,64.5
158.5,3,4,3,75.4,2,82.2,66.8,10,2,71.7
35.0,2,2,0,0.0,0,65.1,19.5,15,2,31.1
97.0,7,7,0,-1.9,3,96.8,62.3,10,5,56.7
159.0,6,6,7,182.7,8,99.1,94.6,1,2,97.4
215.9,7,8,3,72.4,6,93.4,73.5,14,1,88.7
45.7,3,10,1,20.0,0,32.9,68.0,14,3,28.3
96.4,6,7,3,76.4,3,80.6,86.9,11,1,69.8
226.0,5,6,5,134.8,10,78.6,81.8,12,3,96.6
147.3,6,7,8,197.4,2,90.8,88.7,17,3,79.2
77.8,1,7,0,0.0,0,35.6,44.1,11,1,28.0
142.1,1,3,4,103.3,3,55.2,73.3,12,4,67.2
122.6,2,3,0,4.8,2,77.0,92.1,19,0,48.4
130.5,3,3,3,71.7,2,99.4,75.0,14,4,76.3
168.4,4,6,8,203.0,4,83.8,65.0,6,0,77.2
163.9,6,6,4,98.3,1,100.0,89.9,15,0,84.4
270.2,5,8,8,195.9,6,85.0,75.7,18,2,85.8
47.4,1,6,1,20.0,0,26.2,64.4,11,4,22.3
89.9,4,4,2,51.9,4,93.6,40.0,10,2,66.6
151.4,6,6,3,76.4,2,98.2,68.2,9,0,78.4
232.7,4,5,6,152.3,4,84.2,93.2,9,0,89.8
59.1,4,11,2,40.0,0,43.0,45.2,15,3,35.4
63.0,3,5,5,125.8,5,56.7,68.5,15,1,62.1
5.4,3,3,0,0.0,1,67.0,26.8,11,3,31.7
84.8,3,4,3,74.3,2,75.8,53.5,14,1,58.2
285.3,8,9,2,49.8,9,89.7,100.0,15,4,89.5
90.8,4,6,2,47.8,1,67.9,74.4,12,4,54.7
4.8,1,2,0,0.0,1,31.0,32.0,14,0,17.2
156.1,5,6,4,104.3,3,89.5,98.1,10,3,85.8
155.7,4,6,3,79.2,6,75.5,89.8,10,6,84.2
238.7,4,5,8,199.4,7,84.1,89.9,11,1,93.9
0.8,1,3,2,50.0,1,18.8,18.3,10,0,24.5
192.0,6,6,5,127.2,8,100.0,90.0,9,4,100.0
139.1,3,4,3,76.0,4,79.6,77.2,7,3,68.0
247.2,5,8,9,228.9,5,81.2,87.4,12,3,90.9
96.9,4,9,1,20.0,0,51.4,46.0,10,4,40.0
80.7,4,5,5,122.3,4,78.5,75.8,9,1,69.5
69.5,1,3,0,0.0,1,41.4,57.1,10,1,36.6
109.7,3,4,5,128.2,6,83.9,57.9,20,1,73.7
146.6,6,6,4,101.2,6,95.3,79.7,20,2,84.6
219.5,6,8,8,209.6,7,84.9,83.6,7,4,89.6
127.4,2,3,1,27.7,2,77.2,52.4,9,2,55.3
156.5,4,4,3,77.4,9,96.1,67.0,6,4,85.6
63.4,1,8,0,0.0,4,17.4,55.8,2,1,32.7
116.0,2,4,8,199.0,6,65.7,67.6,16,1,75.4
127.5,5,7,3,73.5,3,82.0,76.1,13,2,74.6
88.6,4,6,1,25.8,5,76.1,70.2,15,4,56.4
0.0,6,10,0,0.0,1,37.1,60.4,9,1,24.7
317.7,8,8,8,203.7,6,100.0,80.5,10,2,100.0
2.9,0,2,1,25.0,0,7.2,60.0,14,0,12.5
119.5,4,6,1,20.1,1,77.1,68.7,22,3,48.8
36.1,4,7,0,17.4,4,49.2,80.7,11,5,47.6
143.6,3,4,2,52.5,3,89.2,61.5,16,0,67.7
189.1,6,6,4,104.0,11,96.8,88.3,18,2,95.7
39.1,0,1,0,0.0,1,8.5,44.2,18,6,17.9
116.8,4,5,3,72.9,4,90.3,51.4,9,2,69.2
183.4,9,9,3,97.0,11,98.5,85.4,9,6,99.7
171.2,5,7,2,49.0,1,82.1,79.8,16,0,69.2
63.9,4,7,0,0.0,2,54.0,70.0,10,4,37.6
9.2,1,2,1,25.0,2,36.7,40.4,16,4,25.1
20.5,1,1,0,0.0,1,67.3,14.6,15,4,35.2
112.5,5,6,6,155.2,11,86.3,89.6,20,2,83.1
257.4,8,8,5,127.3,11,92.6,81.8,9,0,100.0
176.2,6,7,7,182.3,8,92.3,84.9,9,4,90.0
14.8,5,11,0,0.0,0,39.6,27.5,12,0,26.8
64.8,5,7,4,98.4,5,63.7,81.0,13,1,65.3
113.3,2,3,6,145.0,2,83.6,91.6,11,2,67.5
78.5,3,6,4,103.8,1,55.1,89.0,14,2,50.4
9.6,1,1,0,0.0,0,53.6,37.8,9,3,29.8
19.5,1,1,0,0.0,0,60.9,60.0,14,3,31.5
193.4,2,4,7,177.1,5,67.1,76.0,9,0,85.4
21.6,6,10,0,13.0,1,45.8,45.7,10,5,30.5
87.7,5,7,0,3.3,2,72.0,82.2,10,4,51.8
44.6,0,1,1,25.0,0,20.7,21.6,16,2,14.9
184.2,4,4,8,200.7,8,98.1,88.4,6,3,99.6
144.3,4,4,8,203.2,4,100.0,77.5,10,0,93.3
76.2,2,5,1,20.0,0,51.6,17.1,10,2,27.9
30.1,1,2,0,0.0,1,40.2,20.4,16,1,23.5
220.1,9,9,2,48.7,2,91.3,87.5,9,0,78.1
119.3,5,6,0,-4.4,5,91.2,86.4,20,1,63.4
171.9,3,3,4,99.7,1,100.0,66.3,7,3,76.1
104.0,4,4,3,72.9,0,100.0,62.5,16,3,61.2
82.9,4,7,2,47.7,4,63.9,82.1,16,4,58.5
83.2,5,5,3,74.2,1,85.4,73.8,12,4,63.1
91.0,1,3,3,83.3,3,47.1,86.0,13,5,45.9
96.2,4,4,7,176.1,6,96.5,88.6,18,2,82.0
94.9,3,10,2,40.0,0,49.5,38.9,10,1,38.3
39.4,0,2,0,0.0,1,8.7,60.0,13,1,14.1
60.1,1,6,1,20.0,1,31.5,42.5,13,0,20.5
114.9,4,7,1,26.7,3,73.0,75.3,16,2,59.8
221.3,9,9,11,282.1,10,100.0,95.7,16,3,100.0
115.4,5,6,8,203.5,4,87.4,66.6,10,3,77.1
66.8,2,4,3,71.9,4,49.7,80.6,17,2,53.6
110.3,0,10,1,20.0,2,43.2,35.4,14,0,37.2
269.5,8,8,4,98.4,6,96.9,100.0,10,0,100.0
73.6,3,7,2,40.0,1,49.2,36.4,9,1,35.1
86.3,2,5,1,20.0,1,50.6,70.0,9,3,41.3
157.6,3,5,2,49.1,1,79.6,64.6,22,0,60.7
217.0,3,5,5,132.1,7,78.4,75.1,11,3,89.4
48.6,3,5,1,20.0,1,50.6,20.4,9,2,33.2
190.6,5,5,4,96.5,4,100.0,81.2,8,0,87.3
42.7,3,6,0,0.0,4,48.9,24.6,11,0,37.4
160.0,5,5,5,131.2,10,100.0,75.4,10,5,94.5
164.5,6,7,3,103.8,5,100.0,90.8,11,5,89.9
126.9,7,9,3,87.0,8,81.3,99.4,11,6,86.1
145.6,4,4,5,132.3,8,96.4,82.7,10,2,95.1
75.4,4,8,0,0.0,1,59.2,25.2,9,1,38.6
106.9,4,5,1,20.0,3,82.1,32.8,15,4,52.2
120.2,4,6,3,70.5,5,81.7,84.6,13,0,68.1
138.1,6,6,6,154.0,5,95.5,80.6,15,2,85.6
51.0,5,6,3,94.9,1,67.8,70.4,18,6,56.2
37.7,1,10,0,0.0,1,14.2,30.5,19,6,9.9
113.1,4,5,3,99.9,10,79.4,82.2,5,5,77.2
102.6,4,4,2,67.8,4,97.0,48.7,7,6,71.9
64.1,4,5,3,70.0,5,69.6,91.1,9,3,67.7
151.5,5,7,2,45.3,3,80.4,82.1,9,2,77.3
144.4,8,8,4,102.8,5,100.0,85.8,13,2,87.5
203.5,7,7,6,148.0,7,100.0,100.0,8,2,98.9
306.9,9,9,7,172.7,6,95.6,90.4,10,2,100.0
121.4,5,7,4,103.2,2,81.8,74.7,11,4,71.1
170.8,4,4,5,120.8,5,98.4,81.1,14,2,96.0
105.0,2,7,0,0.0,0,49.9,49.8,13,0,28.0
16.5,3,10,0,13.0,3,31.5,27.2,12,5,23.7
109.8,4,7,4,95.8,3,68.0,53.3,16,0,62.1
202.4,9,9,7,174.6,5,100.0,79.8,8,4,94.5
4.8,0,2,0,0.0,0,2.7,40.1,5,2,0.0
228.2,5,6,2,54.9,3,90.9,61.2,14,1,75.2
81.2,3,7,1,20.0,1,56.6,53.0,16,0,44.1
138.2,5,6,1,54.0,5,82.0,85.3,18,6,77.5
193.8,5,5,5,135.0,8,100.0,76.8,13,3,96.9
242.8,4,4,8,200.6,8,95.9,70.6,9,1,100.0
154.8,3,3,4,97.6,3,90.8,65.7,19,1,75.9
11.8,1,1,0,0.0,0,63.1,46.2,17,4,31.1
61.0,5,5,1,25.6,5,83.5,65.8,14,2,60.4
125.3,4,5,3,73.4,4,83.0,50.1,7,3,66.3
110.4,2,3,4,102.1,4,80.5,72.6,10,1,65.5
160.9,3,3,4,102.5,4,100.0,56.1,16,2,78.5
163.5,2,4,3,73.6,4,67.6,71.9,12,1,78.2
28.3,2,9,0,0.0,2,21.0,51.4,16,3,25.9
155.9,8,9,6,149.6,7,96.0,83.4,8,2,93.1
161.9,3,6,6,146.3,2,73.2,48.6,17,3,67.1
132.8,5,6,0,-2.7,3,95.0,82.3,17,2,67.0
180.6,8,9,4,100.2,9,90.6,85.9,18,0,90.1
55.2,3,3,5,124.1,5,73.9,62.7,15,2,71.2
144.9,8,8,4,101.7,9,100.0,76.6,9,0,92.0
33.6,1,3,0,0.0,1,29.5,6.2,11,3,17.3
109.0,5,6,2,65.2,6,87.1,68.5,8,5,72.3
192.4,9,9,3,71.9,7,97.3,89.0,11,0,93.0
77.3,0,3,1,25.0,0,22.9,50.4,17,0,22.9
51.7,5,6,2,50.0,2,67.0,77.8,9,1,53.6
143.5,2,4,6,147.5,1,72.8,64.2,10,3,69.0
184.2,7,7,8,197.2,8,100.0,71.4,11,0,98.9
8.8,0,1,0,0.0,0,5.9,24.9,17,6,9.1
60.3,3,6,0,0.0,1,50.5,10.0,14,4,31.8
63.6,2,3,5,127.4,4,61.1,68.8,12,0,60.2
46.3,1,3,0,0.0,2,38.7,55.3,14,4,32.4
130.5,5,7,2,51.7,3,78.1,74.9,17,0,66.7
265.1,1,4,3,82.9,9,55.0,93.0,13,3,76.8
177.0,6,7,6,145.3,4,88.5,46.3,10,0,82.4
19.0,1,8,0,0.0,0,20.5,59.6,21,5,15.9
162.4,3,3,1,28.3,5,98.8,73.7,9,4,81.7
30.0,2,3,1,29.0,6,56.6,74.0,6,0,43.2
220.0,3,4,4,102.6,5,83.9,55.6,23,4,84.1
7.3,2,5,1,20.0,1,21.3,62.1,14,3,24.1
68.3,2,11,1,20.0,2,45.1,67.3,12,3,31.4
241.9,5,5,4,106.6,5,100.0,91.0,11,0,95.4
141.7,4,5,6,151.9,6,84.4,85.8,10,3,88.2
127.5,9,9,5,132.1,10,100.0,98.2,10,0,86.5
124.4,4,7,1,26.7,2,82.9,66.1,13,4,54.9
16.6,0,1,1,25.0,0,9.1,24.9,12,2,10.3
129.2,4,5,2,49.1,3,84.3,52.4,10,1,63.7
76.4,3,5,0,4.4,8,56.5,70.4,10,1,50.5
116.9,8,8,5,128.2,5,100.0,96.0,10,6,83.0
212.1,5,6,3,75.4,2,97.2,72.2,15,3,85.1
79.9,3,6,1,20.0,3,54.4,39.5,11,2,46.7
188.8,8,8,5,126.4,5,96.7,75.2,10,4,97.9
30.4,1,10,3,60.0,0,22.9,32.4,16,3,18.7
59.6,4,5,0,-2.2,4,72.3,73.0,23,2,50.6
120.1,2,4,5,129.0,5,71.3,54.4,14,0,73.5
145.8,4,4,3,78.2,5,100.0,77.8,16,5,88.2
202.0,6,6,4,98.1,3,100.0,69.1,11,0,92.2
76.3,3,10,2,40.0,0,42.6,46.2,14,2,33.6
10.0,2,3,0,0.0,1,39.1,35.3,14,2,24.9
106.1,3,3,4,100.5,11,94.5,65.0,16,3,77.2
100.6,3,3,2,53.2,4,94.4,76.5,16,3,67.3
162.5,4,4,3,73.9,5,99.2,81.8,8,3,82.1
286.2,8,8,6,157.6,8,100.0,86.4,8,1,97.6
171.2,5,7,3,72.8,7,78.6,64.2,17,0,82.9
90.2,2,3,3,72.8,5,69.2,74.7,9,1,65.8
27.0,1,2,0,0.0,1,41.6,33.6,19,2,24.2
153.4,5,5,8,200.3,9,100.0,82.7,12,1,94.1
147.7,2,3,6,150.1,7,79.1,68.2,7,2,77.8
109.8,3,9,2,40.0,1,60.3,59.1,15,3,46.0
85.7,3,3,3,83.3,1,83.4,61.3,15,6,62.0
190.3,9,9,2,52.0,5,100.0,92.9,8,3,91.4
13.9,3,3,0,0.0,0,67.8,56.2,10,5,34.2
252.8,8,9,5,125.5,10,93.4,77.4,8,0,96.1
67.9,3,6,1,39.0,3,42.4,15.0,9,5,41.1
85.3,1,10,0,0.0,1,35.1,29.0,10,6,25.8
70.0,4,7,3,75.5,7,59.7,61.5,8,0,55.5
185.4,5,5,4,98.9,8,100.0,91.0,11,2,99.1
16.5,2,9,0,0.0,1,24.6,23.7,16,6,12.8
28.8,1,8,1,20.0,0,23.7,26.0,13,3,12.7
99.0,5,6,8,203.5,1,91.5,60.8,14,4,66.4
91.5,3,4,2,46.0,1,72.1,79.8,14,0,58.2
136.5,3,3,3,71.3,2,100.0,57.6,12,0,71.2
90.0,3,3,0,0.0,0,89.2,31.7,14,2,52.0
132.1,4,5,3,76.6,3,91.4,82.1,14,0,72.0
131.7,5,6,2,48.2,3,91.8,69.3,9,2,68.1
125.2,5,5,2,45.8,3,100.0,54.2,10,1,77.8
172.5,9,9,7,181.7,10,100.0,82.6,19,2,96.0
89.0,3,4,4,102.8,4,72.6,83.2,16,1,70.1
190.7,5,7,9,227.4,4,80.9,77.4,9,3,88.3
19.9,2,2,0,0.0,1,68.0,40.2,16,5,39.3
109.1,4,4,1,33.3,1,95.2,86.8,18,5,57.0
108.9,4,6,4,103.4,8,79.2,66.3,19,3,72.9
84.1,5,6,3,76.0,5,69.4,73.3,18,2,66.6
217.9,6,8,5,122.0,9,80.3,100.0,8,3,96.7
269.2,7,9,9,224.5,5,85.5,84.9,8,0,91.6
65.4,6,6,2,50.8,3,83.3,56.4,14,3,60.3
0.5,1,2,1,25.0,1,28.7,56.9,12,1,26.6
206.8,6,7,4,105.1,4,93.5,91.4,10,4,98.5
129.3,2,3,2,45.9,0,82.4,56.3,17,2,56.3
109.0,3,8,1,20.0,1,59.9,43.3,18,2,40.1
259.3,6,7,7,183.7,7,92.8,88.2,16,2,94.4
292.6,9,9,10,254.8,6,99.3,100.0,17,0,100.0
136.7,5,6,2,54.5,5,87.8,54.3,13,0,70.0
116.8,4,5,5,129.6,5,83.7,66.1,10,1,82.2
85.4,4,4,4,97.0,5,83.6,81.2,8,2,73.8
236.9,5,6,6,153.2,7,92.6,85.0,15,2,93.0
143.8,4,5,2,49.3,2,97.2,54.4,16,1,67.3
186.7,4,4,2,50.1,3,100.0,55.1,2,1,78.8
183.5,3,4,3,79.3,7,85.7,94.2,20,2,85.4
119.1,6,7,2,64.2,3,91.9,65.9,8,5,69.9
183.2,3,4,8,207.7,8,84.1,81.0,16,1,94.3
192.9,6,6,6,148.9,5,94.1,65.7,8,3,93.7
177.9,4,4,4,102.6,7,100.0,76.8,10,4,98.7
117.0,3,3,3,76.6,3,95.6,68.3,16,2,75.9
129.2,2,3,6,154.7,1,79.6,92.0,22,1,66.1
118.0,9,9,4,120.2,11,100.0,92.6,10,5,88.1
131.6,6,6,2,54.0,4,100.0,84.1,12,0,80.0
29.8,3,7,5,131.7,3,37.2,62.4,13,5,44.4
266.3,4,4,7,174.5,5,96.6,74.1,16,0,96.8
77.5,4,4,4,95.6,3,85.5,58.8,15,2,66.9
76.2,5,5,5,126.5,3,86.5,78.8,22,0,73.2
172.9,6,7,5,126.2,4,88.3,65.4,8,4,80.9
200.6,4,4,12,306.5,11,100.0,86.8,10,2,98.9
184.6,8,9,5,133.9,4,86.3,96.9,19,2,91.1
211.3,7,9,3,70.6,14,85.3,85.1,1,2,82.5
27.6,2,7,3,60.0,1,27.8,54.5,15,1,32.9
21.4,2,3,0,0.0,0,49.0,46.0,21,1,18.5
60.7,4,4,4,98.5,5,82.3,67.9,15,3,69.2
114.4,2,3,3,70.4,3,79.7,95.0,7,1,61.9
188.6,5,5,5,127.7,12,100.0,97.7,9,6,99.5
243.4,2,5,2,50.7,7,59.4,100.0,11,4,81.8
135.7,9,9,2,62.7,8,99.1,93.8,11,5,88.7
7.3,3,3,0,0.0,2,66.5,31.7,12,0,36.1
238.6,5,5,7,184.4,7,100.0,80.4,19,0,94.8
165.9,6,6,5,133.6,5,100.0,90.3,5,5,94.1
50.8,0,6,2,40.0,1,10.5,61.9,10,2,21.8
84.9,4,5,1,29.3,4,68.4,93.4,12,5,60.6
275.5,5,6,6,146.4,9,91.1,94.7,17,4,97.6
40.0,3,5,4,97.4,2,46.8,67.7,16,2,52.6
64.5,3,3,2,46.3,3,78.2,61.2,12,0,54.9
118.3,8,9,4,111.6,13,94.7,73.9,10,6,84.2
118.0,3,5,2,46.0,4,73.9,56.2,15,4,56.2
187.1,7,7,4,96.4,9,92.5,80.9,6,1,94.6
105.7,3,7,3,60.0,0,68.0,45.2,15,1,47.5
137.6,5,7,3,70.6,3,77.6,73.8,7,1,69.8
216.5,6,6,8,207.0,7,95.1,91.0,15,0,100.0
224.1,6,7,4,95.9,4,93.2,100.0,8,1,89.0
19.2,1,3,0,0.0,0,19.5,15.7,12,2,15.4
1.3,2,11,0,0.0,1,7.0,55.2,20,2,14.1
190.5,3,5,7,182.8,11,77.6,92.3,11,1,90.0
146.5,5,6,5,136.2,7,94.5,83.9,14,5,88.1
131.9,8,9,5,125.5,9,94.7,99.3,1,4,84.5
83.6,1,9,2,40.0,0,33.5,49.0,15,0,31.1
162.8,5,6,5,125.8,2,87.8,76.3,17,0,84.2
99.1,5,5,5,133.1,11,90.6,83.1,12,6,83.1
6.1,0,1,1,25.0,0,1.8,38.4,17,3,10.1
128.3,3,3,5,129.1,3,100.0,49.6,10,3,76.1
43.9,1,5,0,0.0,0,23.3,47.6,19,0,15.8
44.4,3,3,1,25.0,0,76.9,32.2,12,3,33.4
26.8,4,10,1,20.0,0,42.7,38.4,17,1,29.8
122.9,5,7,4,116.9,5,80.7,78.7,11,6,83.8
237.6,3,4,7,183.0,11,87.6,100.0,16,2,94.7
24.0,1,5,1,20.0,0,22.4,63.2,14,0,23.5
138.1,4,6,5,122.5,0,71.9,84.2,10,0,70.0
138.4,4,5,2,62.8,3,86.1,91.4,6,5,70.1
92.9,4,5,3,99.1,4,80.7,77.0,14,6,71.8
32.7,1,10,2,40.0,0,15.0,70.0,8,0,24.1
123.2,5,5,4,104.0,4,92.9,54.4,10,0,82.6
53.9,2,4,3,72.3,3,44.8,68.3,16,4,50.0
10.6,1,5,0,0.0,0,20.6,64.8,10,2,13.8
147.5,6,6,4,96.0,2,98.5,52.9,11,2,74.3
171.6,4,4,7,173.3,11,100.0,70.5,13,0,95.2
61.0,5,9,0,0.0,1,54.2,70.0,9,2,40.4
285.2,7,9,7,171.4,6,85.8,93.4,10,3,95.2
177.3,6,8,5,135.0,7,79.6,96.0,17,4,95.2
59.4,2,6,4,99.4,1,37.3,74.0,6,2,38.3
167.1,6,7,6,146.0,5,90.6,62.3,10,2,86.1
166.0,4,5,2,48.3,2,95.2,66.9,12,4,75.9
123.3,3,4,6,148.1,5,86.7,56.4,9,3,77.5
212.5,6,6,7,182.7,14,100.0,84.1,8,1,95.1
95.2,1,5,2,40.0,2,48.2,54.1,15,2,45.6
73.1,4,5,5,125.2,3,79.9,64.9,17,2,64.5
1.1,1,1,0,16.2,1,65.6,60.0,10,6,34.3
235.5,8,8,12,306.9,12,100.0,94.6,14,3,100.0
228.0,9,9,6,150.2,6,98.4,86.6,10,0,100.0
4.0,0,1,0,0.0,0,0.9,55.2,10,0,5.8
232.9,3,4,6,158.8,4,85.0,79.7,10,1,90.1
59.4,5,5,2,65.4,3,81.9,54.9,12,5,64.1
110.4,5,5,2,53.8,2,99.6,63.1,6,0,62.9
116.4,4,4,5,129.6,3,93.4,71.0,16,2,80.1
80.6,4,7,2,54.9,2,65.1,57.1,1,3,46.8
1.5,2,2,0,0.0,0,48.1,26.6,7,1,22.7
136.6,3,4,2,49.8,1,89.4,64.4,15,3,61.6
171.6,5,6,3,78.6,5,86.1,72.5,19,4,85.1
31.9,1,8,0,0.0,1,20.7,51.4,15,0,15.1
14.6,1,2,0,0.0,0,36.0,16.7,17,1,17.7
105.3,1,3,2,53.0,4,51.6,95.0,15,2,56.1
10.9,0,2,0,0.0,1,1.3,46.0,17,2,7.5
105.8,5,6,2,54.7,2,90.6,75.5,14,3,67.3
172.4,8,9,5,148.6,7,91.4,100.0,10,6,94.7
152.1,7,8,3,78.7,7,95.9,73.2,8,5,84.9
67.9,2,3,1,50.0,4,64.6,59.9,10,6,53.9
135.7,2,3,2,46.5,6,80.8,79.4,18,0,69.8
15.6,1,2,1,25.0,0,34.1,48.6,11,3,27.3
50.1,6,11,2,40.0,1,45.1,39.7,10,2,33.9
194.4,5,6,6,155.5,2,89.0,95.0,7,2,85.2
65.4,4,7,1,33.8,0,57.3,61.6,16,6,40.9
109.8,5,5,3,73.8,4,91.9,88.6,17,3,75.0
192.8,3,4,5,129.8,4,82.1,88.6,18,1,87.7
154.6,5,5,6,159.7,9,100.0,94.3,14,4,100.0
214.1,6,6,6,147.3,14,100.0,98.6,8,2,100.0
75.5,7,11,4,80.0,2,57.2,27.6,15,0,53.6
92.5,2,6,4,112.1,5,50.4,62.0,11,6,60.4
149.3,4,4,4,101.6,3,100.0,46.7,14,3,81.4
116.4,3,4,6,148.8,4,78.7,79.2,14,1,74.9
288.9,2,4,5,120.6,5,70.4,81.4,17,1,82.0
224.3,9,9,8,197.6,5,96.4,88.9,14,2,99.2
216.8,5,8,4,109.0,7,80.2,88.4,8,0,85.4
64.3,1,5,2,40.0,0,29.7,48.4,11,0,29.8
128.5,9,9,3,102.2,4,100.0,99.5,18,5,82.9
67.3,6,6,4,96.4,4,85.9,46.4,12,2,66.1
82.6,1,5,0,0.0,2,44.4,49.8,12,2,32.2
120.5,4,4,2,49.8,4,99.0,58.2,9,4,69.4
4.7,1,2,1,25.0,0,33.7,52.3,10,4,22.1
11.8,1,2,1,25.0,0,38.1,52.2,14,1,22.5
203.8,5,5,2,47.4,11,100.0,78.3,14,2,92.9
168.5,8,8,3,76.0,7,96.3,80.4,8,1,88.5
107.5,5,5,0,17.5,7,98.8,74.7,7,5,70.5
111.9,3,4,1,28.0,6,86.4,58.5,18,3,59.1
269.8,6,6,2,46.5,5,96.2,87.1,6,4,81.5
155.7,3,5,0,4.4,3,76.6,60.1,12,1,56.3
87.7,4,6,3,78.2,3,71.1,70.7,8,4,58.3
139.2,1,3,4,103.1,2,56.0,89.7,7,0,59.5
165.7,2,4,2,49.4,1,67.2,64.0,11,1,61.9
124.6,1,4,5,121.0,5,55.9,48.8,13,3,62.1
144.2,4,7,8,200.2,4,75.2,88.7,13,2,75.2
238.5,7,7,5,131.8,6,100.0,79.8,8,4,94.9
102.7,2,4,1,20.1,3,58.3,58.0,7,0,44.9
190.3,8,8,5,128.1,12,100.0,85.8,18,2,100.0
231.9,6,8,4,98.3,5,89.2,100.0,12,0,94.7
320.1,3,4,9,228.5,6,91.5,81.1,15,1,96.0
283.6,6,7,6,153.1,4,87.3,88.4,12,0,93.3
126.2,2,4,3,77.7,6,70.4,76.6,8,1,68.3
110.0,6,6,2,46.8,6,98.4,64.6,21,4,69.3
102.7,3,4,5,126.3,2,78.0,70.2,14,3,67.0
154.3,2,9,1,20.0,2,53.9,57.9,11,1,51.7
82.2,4,4,7,177.6,4,92.9,76.3,17,4,77.5
4.4,0,1,2,50.0,0,1.3,13.9,10,2,5.1
207.5,4,5,3,74.9,3,91.6,77.3,15,3,82.1
134.4,1,3,3,78.9,3,58.4,71.7,14,3,58.1
144.3,5,7,2,51.8,2,82.9,73.0,7,2,64.5
125.3,2,3,2,54.8,2,79.9,92.8,13,3,56.6
205.4,6,7,4,102.9,7,91.5,100.0,12,0,93.9
113.6,3,4,1,26.3,3,83.0,57.4,18,1,63.8
263.3,4,6,3,80.4,4,81.1,87.8,11,1,81.4
104.7,2,4,5,122.1,3,64.1,69.1,8,1,62.8
84.8,0,6,1,20.0,0,23.4,49.1,16,3,22.5
142.8,4,5,5,126.5,4,89.9,75.9,9,4,77.1
75.9,2,5,1,20.0,4,42.4,22.2,14,3,42.0
55.7,6,7,3,80.8,2,74.6,51.7,6,6,48.0
11.8,0,1,0,0.0,0,0.6,26.4,15,2,5.8
175.7,6,7,5,121.7,3,87.8,78.7,6,0,86.4
85.5,4,6,8,202.6,5,69.1,80.2,11,0,74.7
60.6,1,9,0,0.0,0,28.8,35.6,17,4,21.0
203.3,5,5,6,156.2,7,100.0,81.0,17,3,98.6
168.9,3,3,5,124.5,1,100.0,61.4,18,3,79.8
58.4,4,5,6,152.6,2,64.2,54.1,17,3,58.8
39.5,1,2,0,0.0,0,45.1,42.0,9,4,26.0
22.5,0,3,0,0.0,0,0.0,36.4,17,0,11.2
86.1,3,3,4,98.9,3,91.1,68.6,9,1,66.6
110.6,4,4,7,174.5,5,97.0,85.5,7,1,84.5
233.6,5,5,5,131.3,5,97.6,87.0,9,1,96.0
166.6,3,7,5,123.7,4,64.3,67.2,18,2,73.4
135.7,6,7,2,50.4,0,91.9,86.3,10,1,67.5
70.4,6,6,3,80.5,3,77.6,51.1,8,5,60.9
12.8,2,3,0,0.0,1,42.3,25.7,16,0,27.7
208.2,9,9,4,101.7,5,100.0,85.4,11,0,100.0
94.4,2,5,0,0.0,0,56.0,49.0,7,1,31.4
95.8,4,5,2,53.8,4,76.7,80.0,10,2,64.9
113.9,6,6,3,77.1,6,94.2,94.6,3,3,73.5
217.7,8,8,4,103.6,6,100.0,94.7,14,2,97.1
4.4,2,8,0,0.0,2,14.3,39.4,16,1,17.8
140.0,6,6,4,95.2,4,100.0,91.7,17,4,87.6
139.2,5,7,4,98.2,0,79.1,79.3,10,3,65.5
56.2,5,10,2,40.0,4,46.9,43.1,11,2,40.4
144.1,4,6,1,20.6,5,78.7,63.6,15,4,74.8
168.0,5,5,4,96.8,2,97.9,72.4,4,4,81.6
138.6,3,4,6,147.3,4,89.3,66.7,8,4,72.2
59.6,5,10,1,20.0,4,50.5,70.0,9,0,46.4
268.8,5,5,11,282.7,5,100.0,72.0,8,0,95.7
175.8,2,3,5,124.9,5,84.9,86.7,17,2,89.2
3.7,0,1,0,0.0,2,0.0,23.6,11,5,7.0
61.4,5,6,4,97.8,1,66.2,64.8,16,4,54.5
102.1,3,6,3,71.2,2,62.9,65.9,13,3,56.7
53.1,1,2,2,50.0,0,44.5,48.9,12,3,35.6
126.3,3,5,4,103.3,6,74.0,78.7,12,1,79.4
39.6,1,1,2,50.0,0,73.9,26.2,16,2,39.9
266.5,9,9,6,149.0,8,98.6,94.2,18,4,98.9
136.6,4,6,4,95.2,2,83.6,61.3,6,2,65.3
193.8,2,4,7,177.1,7,72.3,74.9,5,1,84.0
193.5,8,9,6,155.5,7,89.1,87.8,11,2,92.2
75.3,5,6,3,78.4,7,76.3,61.3,10,5,65.2
261.8,5,6,5,126.0,7,85.4,93.3,6,4,94.5
81.9,6,6,3,80.0,4,83.9,44.1,20,2,62.4
104.0,2,5,1,20.0,1,64.9,38.7,12,4,40.6
99.8,3,10,4,80.0,1,49.7,62.9,17,3,52.4
229.9,7,7,9,225.3,4,100.0,75.6,15,1,92.9
202.8,7,7,8,208.5,9,94.9,76.6,10,0,100.0
92.0,0,6,1,20.0,2,28.6,56.6,19,2,28.4
154.5,4,6,1,31.4,0,78.8,66.8,10,6,60.9
157.2,3,3,6,149.1,3,92.3,66.8,12,4,87.2
253.3,4,5,5,131.0,8,87.4,88.3,8,2,95.7
172.2,8,8,5,131.5,9,100.0,79.8,13,3,93.2
181.2,3,4,1,30.0,4,80.7,71.0,18,4,78.2
30.0,3,7,4,103.1,1,35.6,55.2,9,1,42.9
76.6,4,11,0,0.0,0,45.4,27.6,11,3,27.4
25.8,2,8,0,0.0,0,30.7,56.6,15,6,22.4
174.0,3,4,7,171.0,7,85.4,88.6,12,4,96.8
188.6,6,7,2,46.4,2,84.5,95.0,15,0,77.0
11.3,1,1,1,25.0,0,66.8,15.9,11,1,28.8
243.2,4,4,8,208.8,4,95.1,82.9,8,2,95.5
69.3,3,5,6,150.7,7,62.0,58.7,17,1,66.9
150.1,9,9,10,251.2,3,99.0,78.4,9,0,81.3
105.5,2,3,3,71.2,4,72.8,73.4,16,0,61.7
94.7,4,5,5,127.8,2,85.8,85.2,11,6,67.9
25.5,3,9,1,20.0,1,26.7,50.8,7,0,21.2
107.7,3,3,2,63.5,2,89.7,66.1,13,5,66.2
330.2,7,8,8,202.2,6,96.1,79.3,12,4,93.3
174.1,5,7,2,47.2,0,78.4,76.7,11,1,66.3
140.2,7,7,4,95.6,4,98.5,53.8,15,2,82.8
140.7,4,6,5,123.1,4,78.8,56.0,12,3,75.6
132.7,6,6,6,146.9,2,100.0,76.9,12,0,87.3
24.4,2,3,1,25.0,0,49.7,34.1,13,2,25.6
61.7,2,2,0,0.0,0,84.6,33.0,15,3,45.1
19.5,6,7,3,79.1,4,58.5,64.1,8,6,48.7
106.8,2,8,0,0.0,2,55.0,62.3,9,3,41.3
110.9,0,6,4,80.0,0,30.2,49.9,14,2,39.1
242.1,3,4,9,224.5,13,81.3,98.9,15,3,96.1
104.1,3,5,1,35.3,2,65.9,76.4,8,6,52.9
231.6,9,9,3,74.2,7,98.3,79.8,23,0,88.8
95.6,2,3,4,97.3,3,69.7,69.5,12,2,60.5
8.9,3,11,3,60.0,1,19.6,22.9,9,0,25.0
98.1,6,10,0,0.0,1,69.4,44.4,12,0,46.4
137.9,5,6,3,86.4,8,83.8,80.1,15,5,81.9
153.5,7,7,3,73.4,4,96.0,70.3,10,3,83.1
208.4,9,9,7,183.0,5,100.0,67.9,10,1,95.7
90.0,5,6,2,51.2,1,78.0,63.1,11,1,49.8
149.9,7,7,3,75.4,2,100.0,62.4,7,0,72.4
150.7,4,5,2,46.7,5,85.1,80.0,11,3,77.5
195.1,2,3,3,75.2,5,87.1,56.8,10,3,78.0
95.1,3,5,1,27.5,3,66.0,72.3,17,2,56.0
47.7,4,10,0,0.0,0,46.7,29.1,10,1,28.0
31.8,3,11,0,0.0,0,27.8,43.8,10,4,20.6
196.3,3,4,9,225.2,5,89.0,81.7,8,4,90.2
129.9,8,9,2,63.5,7,88.8,88.8,9,6,80.4
67.8,7,9,2,40.0,2,66.0,33.6,6,4,48.0
20.5,1,1,2,50.0,0,65.5,41.0,15,2,37.0
135.4,3,3,6,147.6,2,99.6,65.0,12,3,73.1
184.6,4,4,2,56.0,8,99.4,84.5,10,0,93.9
229.7,8,8,10,252.2,6,100.0,78.5,15,0,100.0
77.7,3,4,0,3.6,0,68.4,60.8,15,1,44.8
232.1,5,5,8,195.2,9,95.9,94.1,11,2,99.1
212.3,3,4,2,56.2,4,85.2,89.1,2,0,74.7
179.6,2,5,4,96.0,5,70.4,77.8,8,0,78.1
98.4,1,3,5,127.3,4,50.8,80.9,15,2,65.7
126.5,3,4,7,172.5,2,89.1,67.2,11,4,71.6
20.8,2,2,0,0.0,1,62.2,42.3,13,0,29.1
66.1,3,4,1,48.7,6,63.4,66.7,17,5,64.6
165.8,5,6,3,74.2,4,91.6,75.8,14,3,79.7
127.5,5,7,2,45.1,5,83.5,85.1,11,1,72.8
94.8,2,4,4,102.3,5,64.3,79.8,13,2,62.3
100.4,6,6,4,97.1,2,98.3,80.3,7,0,67.8
7.7,1,1,1,25.0,0,64.5,28.3,8,2,31.6
105.4,9,9,3,81.7,13,96.9,90.4,1,6,77.3
9.4,4,7,0,0.0,1,34.0,23.0,11,3,19.7
83.8,4,5,4,99.1,4,78.9,72.0,16,1,66.8
2.2,1,3,0,0.0,0,18.2,33.2,17,2,17.3
172.5,4,5,4,98.2,9,91.6,53.9,12,0,85.2
42.5,4,7,1,20.0,1,50.7,37.6,16,2,36.1
136.4,8,8,4,100.3,7,100.0,90.5,14,4,95.0
5.1,0,1,1,25.0,1,0.4,60.0,9,0,13.7
67.5,3,3,1,34.7,5,84.0,69.8,18,5,54.9
117.2,8,8,5,143.2,4,91.5,80.7,9,6,82.5
112.6,3,3,4,100.9,1,95.6,69.0,9,0,71.6
227.7,7,7,4,103.3,9,93.6,86.5,10,3,97.4
197.8,5,5,2,53.3,2,99.2,56.5,1,0,71.7
179.8,7,7,12,305.9,5,100.0,78.4,0,3,93.1
90.7,5,7,3,80.0,1,75.7,74.4,18,6,57.7
148.0,4,6,5,127.1,5,88.4,45.1,8,0,80.8
242.4,5,6,7,178.7,4,90.0,92.1,8,2,88.3
12.2,1,1,0,0.0,0,67.2,16.7,9,1,20.9
215.3,7,7,6,146.0,4,100.0,98.5,10,1,98.1
87.7,4,5,4,102.3,2,73.6,80.2,9,4,65.1
65.7,3,8,0,0.0,0,51.0,49.8,1,3,24.8
165.5,2,5,2,54.5,3,61.5,71.0,12,0,60.6
84.0,2,3,3,77.4,3,69.1,74.6,19,1,53.9
73.8,3,5,3,73.3,3,64.3,80.4,14,1,56.9
112.4,4,7,3,72.1,1,71.8,81.4,12,3,56.9
65.2,3,11,0,0.0,0,38.3,23.5,11,0,21.3
76.6,6,11,1,20.0,0,52.4,53.1,10,1,41.8
197.5,4,4,3,83.1,4,100.0,78.0,15,5,83.9
96.6,5,5,2,50.8,2,90.4,87.6,13,2,62.2
231.8,6,6,5,126.3,9,99.1,100.0,12,3,100.0
84.3,4,6,4,101.9,2,64.9,78.7,4,4,56.7
79.7,3,5,7,176.9,3,66.4,63.4,15,3,60.8
196.8,6,8,5,133.3,5,81.7,82.8,15,2,93.1
189.1,7,7,1,22.1,3,100.0,45.9,7,4,72.2
244.2,5,5,4,109.3,9,99.5,87.3,9,3,100.0
75.0,2,7,0,0.0,1,42.5,37.9,8,3,24.8
136.4,6,7,5,128.8,7,85.9,77.1,17,5,87.1
117.6,3,4,8,199.1,5,85.9,81.6,17,1,82.9
146.3,4,7,3,79.0,4,78.5,66.0,20,2,66.6
232.7,5,7,4,106.3,11,92.5,86.6,8,1,92.5
75.6,2,3,2,67.4,2,62.9,65.0,21,6,49.1
241.6,5,6,5,129.8,8,93.7,77.6,20,2,94.1
38.5,2,9,2,40.0,2,30.9,63.7,11,3,38.2
87.6,4,7,5,121.1,2,64.4,71.1,10,3,62.0
119.7,4,4,6,147.0,0,98.3,82.1,16,4,70.8
145.9,5,9,2,40.0,0,71.1,35.3,11,4,52.7
249.0,7,8,8,208.5,2,90.2,65.0,11,4,88.6
36.8,1,6,0,13.0,0,20.4,42.2,9,5,25.7
94.9,3,5,6,145.5,5,65.1,68.1,15,3,76.3
7.1,1,2,0,0.0,0,33.0,43.8,12,5,22.2
38.6,5,5,0,0.0,1,74.7,64.4,16,1,43.6
114.7,4,7,1,21.0,3,68.0,62.6,6,4,51.1
36.5,3,5,3,71.7,3,46.0,84.1,14,2,53.7
9.6,4,6,1,20.0,1,40.7,50.6,7,0,30.9
62.5,2,10,1,20.0,1,30.6,70.0,14,4,31.5
86.0,3,10,1,20.0,2,48.5,50.0,12,4,39.9
149.4,9,9,11,278.8,7,100.0,79.6,9,4,94.4
19.2,2,6,4,80.0,0,26.1,42.7,8,0,25.7
164.8,3,4,0,-3.2,4,93.0,63.4,13,4,61.3
166.2,4,6,0,-0.3,0,86.5,75.4,11,3,56.4
123.8,4,6,7,177.1,5,78.6,66.9,16,0,75.4
255.0,2,4,11,281.5,5,72.8,85.4,23,0,82.9
60.1,3,3,1,29.5,5,84.1,64.7,11,5,63.1
17.6,1,3,1,25.0,0,19.6,27.8,1,1,19.2
123.0,3,4,1,22.9,3,81.3,65.3,9,0,63.0
104.8,4,4,4,97.1,1,94.6,54.6,10,4,68.3
41.0,3,9,1,20.0,0,30.6,69.9,8,2,26.5
69.3,2,9,3,60.0,1,35.1,51.4,15,4,40.3
38.2,2,5,8,201.6,5,37.3,73.8,17,4,54.5
87.1,2,3,2,47.5,3,61.9,53.2,6,3,52.1
219.1,9,9,5,124.4,5,94.8,95.0,17,2,95.4
290.6,4,5,9,230.8,9,93.4,93.1,9,4,100.0
130.0,4,7,7,183.4,7,82.9,89.7,21,1,79.8
62.2,2,6,0,0.0,2,48.9,18.5,21,1,25.7
6.4,1,1,0,0.0,0,60.6,60.0,12,6,26.1
147.1,2,4,5,124.8,3,71.0,73.6,15,3,75.9
281.8,5,6,7,171.2,4,94.1,80.9,13,0,90.2
167.4,1,4,1,24.7,1,55.0,59.8,22,3,51.4
161.0,5,5,7,177.2,5,96.0,72.5,15,4,92.9
121.1,3,8,1,20.0,1,63.7,60.5,9,2,47.8
112.0,7,7,12,308.3,6,93.1,75.8,14,0,86.1
44.4,1,6,0,0.0,4,21.0,49.3,9,0,33.0
142.6,3,5,4,103.3,8,74.0,75.3,10,2,77.0
83.0,7,9,3,82.5,10,73.7,75.1,2,0,65.2
209.4,7,7,2,52.8,5,100.0,97.8,12,1,90.5
174.8,8,8,8,203.2,9,100.0,93.6,17,1,99.5
265.0,6,8,6,151.4,6,82.1,83.3,7,1,90.5
149.1,3,4,3,75.2,1,86.1,67.0,19,0,63.7
155.5,4,5,3,76.5,5,89.0,88.7,14,1,83.0
154.4,6,7,2,47.6,6,90.3,71.4,11,4,86.9
190.0,2,4,10,256.8,9,68.5,72.8,17,4,83.6
53.0,2,5,2,40.0,0,47.6,28.8,16,0,28.9
141.0,6,7,6,154.9,14,95.0,86.0,11,4,90.5
135.2,5,7,9,229.7,2,81.7,76.6,15,0,78.0
8.6,1,2,0,0.0,0,29.8,44.3,17,1,19.2
189.1,4,4,5,120.9,4,100.0,87.2,12,1,94.6
150.2,3,4,2,45.1,3,80.0,75.1,12,1,67.1
109.2,4,6,3,70.4,2,67.8,78.0,9,2,61.9
176.4,3,5,7,180.9,7,75.9,88.4,10,1,92.6
72.0,4,9,2,40.0,1,57.5,65.0,11,1,41.7
149.6,1,5,1,20.3,4,54.0,70.2,15,3,56.4
199.6,5,6,7,181.9,2,86.2,76.9,18,1,84.6
44.0,4,9,0,13.0,2,39.9,64.0,14,6,37.4
3.6,2,6,0,13.0,0,26.8,55.6,11,6,21.0
236.5,4,8,10,258.4,8,74.7,94.6,8,2,85.4
231.8,8,8,6,155.7,9,100.0,94.3,15,4,100.0
132.6,9,9,3,102.5,10,100.0,80.5,12,5,88.7
127.0,4,5,2,45.8,4,87.5,54.3,15,3,68.6
194.0,7,7,5,129.5,8,100.0,76.1,8,0,95.5
101.1,5,7,2,51.7,3,70.2,56.7,11,2,58.5
160.2,2,3,1,24.8,1,86.1,62.6,7,2,60.7
53.9,3,3,0,0.0,0,85.2,5.0,11,0,35.1
264.2,5,7,4,99.1,6,85.9,70.1,5,2,84.9
194.3,5,6,8,197.1,5,91.8,58.4,11,4,98.3
269.9,2,5,10,255.8,10,58.9,93.1,14,3,83.2
93.8,5,7,3,99.3,8,66.6,79.6,13,5,71.6
150.8,4,6,4,98.2,2,79.1,54.6,6,1,72.5
31.7,2,3,1,25.0,0,45.4,18.6,10,1,32.4
227.7,7,8,7,175.1,5,97.1,78.0,10,0,95.4
113.0,3,5,2,46.7,2,74.0,61.3,13,4,55.3
111.5,2,11,0,0.0,1,48.6,42.9,6,1,36.6
179.3,5,7,4,96.8,13,71.2,97.1,15,1,91.8
39.5,1,3,0,0.0,1,34.9,39.9,10,2,24.7
77.6,3,5,5,128.9,6,68.4,65.0,13,3,62.6
189.2,6,6,2,52.0,4,99.4,54.0,10,3,86.0
286.1,9,9,7,170.6,9,100.0,90.4,23,4,97.4
232.6,7,8,6,147.9,12,93.9,87.5,18,0,97.2
78.4,4,6,1,51.5,2,65.6,80.6,8,5,49.8
85.3,2,4,5,121.8,4,58.0,65.4,14,1,55.0
124.2,3,6,5,128.1,0,75.7,90.3,19,4,66.4
143.1,6,7,0,-0.5,2,96.7,63.4,14,0,63.2
171.6,3,4,2,49.4,2,86.6,61.1,11,4,70.3
16.5,1,2,0,0.0,2,36.9,39.9,10,1,26.4
45.0,5,7,1,26.0,1,57.6,50.5,12,5,46.1
63.9,4,10,1,20.0,1,48.9,49.9,0,3,34.4
68.6,2,3,3,78.2,4,62.1,71.5,14,3,56.7
123.0,3,7,5,122.4,4,58.5,50.3,8,3,65.4
44.3,2,2,0,0.0,0,76.9,32.0,7,1,36.1
142.6,9,9,2,52.8,5,94.7,75.3,20,0,81.3
171.7,6,7,12,302.2,7,100.0,81.1,10,3,96.1
28.9,4,6,1,26.0,3,54.4,68.0,11,6,39.8
14.5,0,1,0,0.0,2,0.0,24.5,10,2,13.5
65.0,4,11,2,40.0,2,39.3,38.0,10,1,40.0
127.3,4,7,2,49.4,1,80.6,59.9,8,3,58.5
144.6,6,7,1,28.8,6,90.8,65.4,11,0,80.7
2.5,2,2,0,0.0,2,60.7,43.5,14,1,29.2
280.5,4,4,6,145.6,8,97.4,93.2,15,1,98.0
173.7,3,4,5,128.4,5,87.8,81.8,10,3,89.5
114.8,9,9,2,65.6,7,100.0,78.7,6,6,75.0
10.1,1,2,0,0.0,0,37.8,28.8,16,3,18.6
243.8,9,9,2,57.0,7,94.5,84.4,12,4,93.4
191.4,4,5,5,128.0,5,86.5,72.6,9,1,92.0
14.3,1,2,1,25.0,1,41.7,30.6,8,4,21.4
46.8,6,11,1,20.0,2,42.7,61.4,21,1,41.7
11.9,6,9,2,40.0,1,47.6,26.5,15,4,29.8
160.6,4,7,3,77.4,4,69.4,52.3,12,0,70.1
68.6,3,3,4,110.5,4,85.2,94.9,8,6,74.1
12.3,1,2,0,0.0,2,36.7,37.1,12,2,23.5
121.7,9,9,11,276.9,8,100.0,83.8,11,3,89.3
269.4,5,5,12,299.6,9,100.0,93.3,12,4,98.1
96.1,3,5,2,45.5,2,67.2,62.9,14,2,52.8
227.5,2,4,1,26.8,4,69.9,77.5,10,2,74.3
151.9,9,9,4,104.3,6,94.7,94.0,0,3,97.0
135.9,2,5,5,120.7,1,65.3,71.7,8,3,60.1
105.9,1,3,0,1.3,6,57.0,85.3,8,4,48.4
252.0,3,7,4,98.2,9,64.1,83.7,15,2,86.4
61.8,1,9,1,20.0,0,25.6,45.3,11,2,19.3
96.6,1,6,0,0.0,1,43.5,41.1,11,4,31.3
78.7,3,7,0,2.9,2,52.2,83.7,15,1,45.7
46.4,1,7,1,20.0,1,20.2,53.2,13,3,25.0
114.4,5,7,4,103.3,3,83.8,77.7,16,0,70.4
4.4,1,2,0,16.2,0,26.1,37.4,9,5,19.8
123.9,4,5,7,184.0,6,88.9,82.2,11,4,86.1
129.6,1,4,2,53.9,3,62.1,68.8,18,1,53.0
84.2,2,3,2,50.1,5,69.1,56.7,16,0,58.9
191.6,8,8,5,132.6,11,99.4,78.8,15,3,99.9
104.6,3,7,3,76.0,3,60.3,75.3,9,3,58.2
162.6,3,4,4,104.2,2,85.6,75.6,10,2,80.2
85.3,4,4,1,30.2,3,79.9,65.9,11,5,63.0
61.6,6,7,5,124.1,2,69.7,65.3,15,1,64.4
171.6,4,4,8,195.9,2,100.0,64.9,8,2,82.1
140.7,3,6,6,149.9,2,78.1,67.6,22,0,62.3
120.4,3,4,3,78.3,4,81.9,79.8,14,0,72.2
103.5,5,5,2,54.7,0,96.1,80.9,9,2,60.3
132.9,3,3,1,22.1,5,98.9,59.6,15,1,71.0
38.5,0,1,0,0.0,0,9.1,39.3,3,0,6.1
10.5,3,3,0,0.0,0,68.5,43.2,10,3,30.6
328.5,8,8,8,202.5,6,99.3,91.1,9,0,100.0
274.8,8,8,6,147.2,8,94.7,95.3,10,2,99.8
1.0,1,2,0,0.0,0,30.9,32.0,16,1,22.6
1.4,0,2,0,0.0,0,0.1,46.8,17,1,9.2
150.8,7,7,1,22.0,2,100.0,46.5,11,1,69.1
254.0,8,8,5,129.3,10,97.8,85.0,18,4,98.3
191.1,7,8,6,146.6,6,88.0,77.5,16,0,99.3
93.5,3,7,5,133.0,5,56.5,66.0,14,5,70.8
195.4,5,6,4,101.7,7,90.9,85.5,11,1,94.5
259.1,6,6,7,177.1,10,100.0,89.1,1,2,100.0
118.3,6,6,5,123.1,4,100.0,54.8,19,4,77.4
163.8,3,4,8,201.2,10,86.1,82.0,16,3,86.2
114.3,6,7,5,126.9,9,92.3,87.5,15,6,84.3
190.8,6,8,4,99.9,9,91.3,78.2,6,2,95.0
265.9,7,7,5,130.3,5,99.2,78.4,16,4,96.6
125.5,2,4,7,170.9,3,65.7,78.2,11,2,73.1
157.5,2,5,6,151.1,4,65.6,83.5,17,1,78.8
38.9,1,1,0,0.0,0,70.0,5.0,19,0,25.1
155.1,3,3,3,78.1,2,92.7,71.3,17,4,79.9
191.1,7,9,2,52.5,5,84.4,91.9,21,3,87.4
156.5,3,6,3,71.5,1,72.9,66.5,16,1,64.9
144.0,4,6,5,129.7,0,73.0,54.2,9,4,67.3
28.5,1,5,1,20.0,1,18.5,31.8,16,4,25.2
211.8,4,4,5,130.2,6,100.0,81.9,8,0,98.1
131.2,4,4,1,23.9,2,100.0,71.1,15,2,64.2
66.9,1,5,2,40.0,2,39.6,51.0,11,1,28.2
77.7,3,4,4,99.0,1,72.6,64.6,12,3,55.7
145.4,4,5,4,98.9,3,82.5,68.9,6,0,78.3
262.5,9,9,5,125.0,4,100.0,79.6,17,1,90.4
169.6,8,8,3,78.7,8,98.4,81.1,5,0,91.7
72.8,4,5,0,16.6,1,75.3,66.1,19,6,47.8
95.1,5,7,3,77.4,3,72.0,77.1,18,4,59.1
176.2,7,7,10,245.4,9,100.0,75.1,16,3,100.0
162.8,3,5,1,32.4,6,76.2,87.4,14,5,79.8
9.7,1,1,0,0.0,0,61.9,50.8,8,3,24.6
300.1,6,6,11,282.4,5,96.1,75.9,8,3,96.6
226.6,8,8,7,178.2,4,98.3,87.0,10,0,94.3
179.3,9,9,9,224.9,6,95.6,78.8,6,4,95.2
96.2,4,7,1,27.7,3,67.4,73.1,8,2,52.9
129.9,3,3,1,29.2,3,100.0,76.8,9,0,68.7
94.2,3,3,1,21.5,4,94.3,67.7,11,3,64.0
96.0,7,7,4,97.9,4,98.4,64.3,11,3,71.7
154.9,8,8,5,133.6,7,100.0,89.8,16,0,97.7
200.6,8,9,5,133.0,4,89.9,74.1,9,3,90.2
23.4,2,7,0,13.0,1,21.3,70.0,12,6,29.1
74.5,5,5,1,51.7,6,86.0,80.1,13,5,69.0
8.7,0,2,0,0.0,0,7.2,35.0,21,0,3.0
95.7,5,6,0,3.4,1,81.0,65.6,18,3,51.4
90.7,5,6,6,152.9,4,82.9,63.6,16,3,70.0
119.8,5,5,1,35.5,3,95.2,81.7,7,5,68.2
193.0,6,7,8,207.8,2,88.7,69.6,19,3,82.6
123.4,4,4,3,74.9,3,100.0,49.2,11,4,68.6
44.9,1,8,0,0.0,2,20.2,70.0,12,2,28.5
83.5,2,10,1,20.0,1,35.9,70.0,11,1,40.2
87.6,4,7,7,175.9,6,66.9,79.5,18,0,70.6
0.3,1,1,1,25.0,0,64.6,34.2,18,0,34.6
92.4,3,11,0,0.0,0,46.3,39.6,7,0,27.5
127.8,5,6,4,102.9,7,85.7,65.3,14,0,83.2
58.4,3,7,0,0.0,1,51.2,59.5,9,1,34.2
39.2,2,5,0,0.0,0,40.6,35.5,15,2,21.4
131.6,6,7,1,26.5,3,93.8,48.4,21,4,62.5
5.1,1,7,0,13.0,0,13.6,44.2,14,5,9.9
114.5,6,7,2,49.5,4,89.5,64.0,13,2,64.0
190.1,5,7,5,122.5,7,90.4,84.2,11,0,93.1
81.7,3,4,0,-2.4,3,74.5,55.9,9,5,48.3
0.0,4,11,2,40.0,1,31.1,29.9,8,0,18.7
146.1,4,4,5,125.9,3,96.1,70.7,9,2,84.9
39.1,2,3,0,0.0,1,51.9,19.8,9,2,28.5
129.8,4,6,2,51.1,9,69.5,83.4,10,3,73.5
92.4,3,4,1,31.7,7,79.3,84.3,19,6,62.5
198.2,4,4,4,119.9,11,97.4,97.4,13,6,100.0
160.2,7,7,3,87.3,4,100.0,76.4,10,6,86.9
223.1,7,7,4,100.5,4,100.0,97.4,11,4,94.8
232.3,5,5,9,220.8,5,97.9,92.2,7,1,97.5
30.1,2,10,1,20.0,1,18.9,54.1,8,3,23.4
87.9,1,4,2,55.0,5,38.7,53.0,7,2,49.0
232.5,5,6,8,198.0,5,86.7,91.1,7,4,92.6
191.3,3,4,3,76.3,0,87.1,75.2,8,2,64.9
88.9,3,5,6,153.7,8,66.3,58.7,12,2,71.7
268.6,6,7,5,123.0,8,92.1,82.1,14,0,94.2
100.7,6,7,0,4.0,3,88.9,71.9,16,3,53.3
183.3,7,9,8,207.6,8,92.6,97.6,14,2,93.7
258.0,2,3,2,50.4,2,82.8,48.4,14,4,69.6
0.5,2,2,0,0.0,1,57.3,15.0,11,3,31.9
197.1,6,7,8,199.2,3,90.7,100.0,19,4,91.7
23.1,5,10,1,20.0,0,35.9,50.1,11,3,28.2
161.3,4,4,10,259.1,5,100.0,98.5,14,2,94.8
75.3,3,6,4,95.1,5,52.9,69.7,13,0,60.3
109.2,5,5,4,103.3,5,93.5,83.2,13,0,74.8
212.4,8,8,3,76.9,3,99.6,83.0,10,4,88.3
27.6,4,9,0,0.0,0,39.7,38.6,14,1,25.9
0.4,0,1,0,0.0,1,0.0,33.6,0,2,6.5
105.0,5,6,2,49.6,2,84.3,66.1,10,4,61.6
34.6,2,3,1,25.0,1,52.3,24.9,19,0,33.5
49.8,4,10,1,39.0,2,42.8,42.8,6,5,31.4
140.0,3,5,8,196.8,7,78.2,77.5,13,0,76.1
132.8,6,7,6,156.3,7,91.7,72.0,6,4,84.4
204.2,9,9,9,226.2,9,97.7,88.9,7,3,100.0
162.3,4,4,3,83.1,3,100.0,84.4,9,4,79.9
116.6,1,9,1,20.0,0,43.2,37.0,15,0,33.8
86.9,5,7,6,146.5,3,74.1,78.0,10,2,69.3
137.4,3,5,5,121.0,2,79.7,56.6,13,3,66.7
231.2,7,8,11,273.9,8,91.6,90.2,9,3,98.8
169.7,9,9,5,120.8,5,100.0,77.8,6,2,95.4
165.8,5,6,10,248.6,6,87.5,80.2,10,4,96.6
137.1,3,3,2,47.4,3,96.6,62.7,13,2,67.9
159.7,2,4,8,202.2,3,66.2,74.7,16,4,71.2
131.2,2,4,2,55.0,3,69.1,69.2,10,1,63.6
8.9,1,3,1,25.0,0,27.0,54.5,7,1,22.6
103.8,2,5,3,70.0,6,55.3,68.5,15,3,66.6
144.1,4,4,6,165.2,7,100.0,91.3,7,6,86.0
0.2,1,1,1,25.0,2,58.5,14.9,9,4,31.8
108.6,4,6,4,99.8,3,73.3,58.5,13,1,63.7
182.8,5,7,6,148.2,6,88.6,76.8,10,0,91.8
189.4,7,7,10,258.3,9,100.0,92.3,11,2,100.0
176.8,7,7,6,145.3,5,100.0,90.3,8,4,96.4
123.1,2,5,3,75.0,3,55.9,83.6,10,4,67.0
145.3,6,6,8,201.5,11,100.0,83.6,10,2,91.9
9.8,5,10,2,40.0,1,31.0,48.3,11,2,31.9
113.6,4,4,5,124.7,4,100.0,51.6,10,3,79.3
31.4,1,2,0,0.0,1,35.5,26.9,15,6,25.4
184.6,6,7,4,95.2,6,91.6,58.4,11,4,92.1
15.1,1,1,0,0.0,1,62.0,27.5,11,0,27.5
114.6,6,6,3,78.3,2,91.8,67.4,7,1,72.1
102.9,4,6,7,177.7,3,82.9,65.0,13,4,62.4
140.1,5,6,3,101.9,2,90.1,79.9,8,5,68.4
271.6,6,6,7,175.4,11,99.3,76.4,11,3,97.5
32.3,2,6,3,60.0,0,29.2,19.6,11,1,27.3
105.9,5,6,1,21.2,5,87.7,71.9,20,3,69.5
58.2,3,5,1,20.0,1,55.0,12.5,8,3,28.6
105.0,3,5,1,47.0,7,68.7,83.0,14,6,65.6
209.0,4,4,5,126.6,2,100.0,82.4,7,0,87.6
112.3,3,3,4,96.4,2,100.0,61.0,14,1,67.1
124.7,4,4,1,22.7,3,100.0,66.7,5,1,62.7
182.4,4,5,3,72.0,5,85.5,60.8,9,0,82.7
174.3,4,4,8,201.3,6,100.0,85.7,8,1,93.8
156.6,4,5,3,70.2,2,87.7,60.4,16,4,72.2
85.5,4,4,1,27.1,7,85.9,63.5,13,2,65.6
199.1,3,4,9,226.2,8,94.7,81.9,11,3,95.8
99.0,1,3,5,120.9,2,48.4,95.0,15,3,52.5
26.5,1,3,0,0.0,0,27.0,29.2,11,0,14.2
23.9,0,3,2,50.0,0,0.5,57.9,11,3,16.5
61.6,1,10,2,40.0,0,32.3,45.7,18,1,24.8
103.4,5,7,1,20.0,0,80.3,28.1,19,2,45.0
82.3,4,5,6,155.0,5,74.6,57.7,16,2,72.9
85.7,5,5,3,73.3,5,86.9,91.4,17,0,73.9
95.2,4,4,4,102.7,2,88.5,62.9,10,3,64.9
146.0,4,5,4,101.3,5,91.7,83.0,10,0,85.3
90.0,2,2,2,50.0,1,86.8,42.5,17,2,58.5
248.4,6,7,8,203.5,3,88.4,95.1,19,1,91.4
288.6,5,7,7,183.2,7,78.3,82.3,15,1,95.5
118.6,3,5,3,71.1,5,79.7,74.9,20,1,66.9
29.1,1,10,0,0.0,2,11.8,35.3,9,3,19.2
139.0,3,3,3,76.5,4,96.3,68.2,17,0,80.1
71.0,0,10,2,40.0,1,21.4,37.5,7,0,22.9
0.3,1,3,0,0.0,2,19.1,20.6,17,3,12.7
1.8,1,3,2,50.0,0,19.3,54.1,11,2,23.9
101.6,1,3,3,79.5,4,48.6,58.4,10,2,52.9
165.0,2,4,4,96.1,4,66.6,67.1,14,2,70.6
127.8,5,5,5,122.7,3,96.4,75.4,11,1,82.9
129.6,8,8,6,156.2,6,100.0,78.2,11,0,89.5
58.4,3,4,4,104.5,4,63.4,45.6,14,0,61.0
131.9,3,4,4,97.3,2,86.5,80.6,8,0,69.8
152.9,4,7,7,170.5,5,71.3,73.9,17,0,79.5
189.0,5,5,3,71.2,10,100.0,68.7,10,1,91.7
196.5,4,6,1,27.2,1,81.2,57.7,14,4,70.0
201.4,2,5,4,103.6,4,63.1,76.2,9,4,74.3
101.8,3,10,4,80.0,1,59.5,38.4,10,0,52.0
224.2,3,4,1,27.1,3,85.4,77.3,7,3,70.9
136.9,4,5,7,181.5,6,89.5,99.9,8,4,83.5
169.0,5,7,2,53.7,3,88.2,64.1,11,1,76.4
280.2,8,9,6,153.6,10,88.6,81.7,11,2,100.0
150.7,2,3,1,21.9,1,77.2,68.1,16,3,60.0
34.0,3,4,6,149.8,3,56.2,66.5,9,4,57.9
1.3,2,3,1,25.0,1,36.4,38.3,14,2,30.4
124.6,5,6,4,99.2,3,88.3,69.0,16,2,70.5
180.0,2,3,3,71.9,3,84.1,67.7,16,1,69.9
77.7,4,5,5,127.1,2,82.2,61.7,16,0,62.5
127.4,3,4,1,27.2,2,84.4,60.8,14,3,58.7
125.2,5,6,3,72.0,5,89.5,66.4,14,4,75.5
240.1,5,5,3,71.5,2,100.0,88.0,11,0,85.3
54.7,5,10,0,0.0,0,49.2,38.8,9,1,28.0
172.1,7,7,3,76.6,3,94.8,100.0,0,4,86.8
89.3,4,7,2,47.2,4,62.5,76.6,15,2,61.9
127.0,2,11,1,20.0,2,49.2,52.7,9,3,41.3
204.8,9,9,6,152.2,10,95.9,80.0,1,1,98.0
91.5,3,6,3,74.8,4,62.9,55.0,16,2,60.6
69.1,4,5,1,50.5,9,67.5,66.9,14,6,65.7
282.0,6,6,2,49.9,11,96.6,85.8,12,4,92.9
204.0,2,4,3,71.0,12,64.4,93.3,11,4,82.1
152.1,3,3,7,178.3,4,100.0,87.0,15,4,93.4
224.7,5,7,6,157.0,4,82.5,92.8,17,4,88.7
135.3,4,6,4,105.0,6,76.3,93.4,18,1,77.9
170.2,5,7,6,145.4,4,84.9,91.2,15,0,89.4
53.9,3,7,1,20.0,2,45.5,18.2,14,1,34.4
245.2,7,7,4,101.0,6,95.0,86.0,4,1,96.7
50.6,4,8,2,40.0,0,48.5,31.0,10,3,34.7
59.1,5,6,2,53.7,7,75.9,83.0,15,2,66.6
47.5,2,2,1,25.0,0,76.1,24.8,11,3,39.0
223.4,3,4,6,148.5,7,82.7,92.1,16,1,93.9
131.5,4,6,6,148.5,2,77.2,75.1,14,3,72.9
0.6,3,3,0,0.0,1,55.9,50.3,14,2,30.3
124.3,3,5,2,53.4,1,81.2,73.5,7,2,54.2
113.9,4,6,4,99.0,1,81.2,85.1,16,4,65.0
97.8,1,5,0,0.0,0,41.6,27.0,10,2,28.8
118.8,4,5,3,101.6,9,87.8,85.8,16,6,81.5
265.7,4,4,6,157.2,11,100.0,93.4,10,2,97.7
206.9,4,5,11,281.6,10,89.1,79.1,10,0,94.9
1.7,0,1,1,25.0,0,0.0,22.1,17,0,7.4
152.4,3,4,4,101.3,3,86.2,81.2,9,4,78.1
85.1,5,6,3,103.5,11,76.3,100.0,9,6,78.5
56.3,4,11,1,20.0,1,32.1,38.3,11,0,27.4
202.6,2,4,3,72.9,3,66.3,61.9,12,0,68.2
190.8,8,8,2,56.5,5,100.0,79.0,19,4,86.7
64.9,5,6,2,47.2,5,71.2,83.3,11,3,62.4
107.8,5,6,4,100.7,2,86.3,66.9,17,4,67.2
140.0,3,3,3,79.8,2,100.0,62.1,11,0,78.2
84.8,2,3,3,80.0,3,72.6,87.7,23,4,54.8
152.1,4,5,3,76.9,3,96.3,61.9,9,4,73.6
43.6,4,5,5,123.7,4,64.6,65.5,16,2,63.8
120.8,3,5,5,126.7,3,78.0,53.2,16,0,73.2
116.6,5,6,3,76.6,5,83.9,56.6,13,4,72.1
112.1,1,4,5,121.4,2,49.1,49.5,12,2,51.6
138.2,3,3,1,21.5,5,98.7,86.4,8,3,71.8
280.4,5,5,3,78.3,5,100.0,97.6,17,0,89.8
249.5,5,5,7,176.4,6,100.0,79.1,21,0,100.0
151.3,5,6,3,75.4,4,93.0,56.7,9,1,79.1
124.5,2,3,1,20.8,4,85.0,74.6,8,1,57.4
128.5,3,5,3,70.9,3,74.8,69.4,8,1,58.5
10.4,0,2,1,25.0,2,0.0,35.9,11,2,13.0
139.2,2,3,1,20.4,2,84.3,85.2,16,3,62.6
0.2,0,2,0,0.0,0,0.0,60.0,11,2,9.7
95.5,3,7,4,101.2,3,59.3,71.0,11,1,61.5
193.0,7,8,11,277.6,9,92.1,94.4,9,4,94.6
124.4,5,5,4,106.5,10,97.8,95.0,19,0,86.8
124.7,7,7,4,101.7,2,100.0,83.1,11,0,76.1
134.1,4,5,1,28.9,4,80.9,62.6,15,2,69.3
0.0,1,7,0,0.0,2,5.4,30.9,11,0,12.0
89.7,1,3,2,49.7,4,56.5,72.6,8,1,53.2
248.2,5,6,3,79.8,14,87.6,91.0,16,1,95.0
94.7,6,7,5,129.2,5,84.8,82.3,10,4,69.7
145.5,6,7,4,107.0,8,87.9,83.3,6,3,91.0
81.4,2,4,3,79.7,3,57.8,70.5,9,6,53.1
209.4,2,6,3,76.0,2,62.9,65.2,7,2,60.9
49.2,1,2,0,0.0,0,41.9,29.9,15,2,21.7
167.7,6,8,4,100.3,5,86.1,88.2,15,1,90.5
224.5,7,8,6,157.8,3,88.9,96.6,9,1,90.0
111.6,3,3,2,47.3,3,96.7,63.3,16,1,65.4
110.2,3,5,1,26.8,4,75.5,40.0,14,1,54.1
29.8,3,6,1,20.0,1,41.3,44.7,10,1,30.8
20.4,3,10,0,0.0,0,22.9,51.3,18,1,15.8
181.7,5,5,7,183.8,8,100.0,86.8,16,2,100.0
175.5,5,6,6,151.7,5,91.7,80.7,13,4,91.8
155.8,3,5,1,27.9,6,74.1,61.2,16,2,71.4
53.1,4,8,0,0.0,0,51.0,57.3,17,4,36.3
29.6,1,3,1,25.0,2,30.3,45.3,13,4,25.8
281.0,9,9,7,177.2,7,100.0,88.3,14,1,98.1
13.4,1,1,0,0.0,0,70.3,47.0,13,3,24.2
5.1,1,2,1,25.0,0,36.3,19.2,7,2,15.9
162.6,1,4,3,75.3,6,54.1,70.0,15,0,70.4
147.6,2,3,4,102.7,5,83.8,52.7,10,1,86.0
7.9,0,1,0,0.0,1,3.0,58.2,10,3,6.5
255.1,4,5,5,134.9,7,82.0,88.4,16,0,97.3
70.2,4,10,1,20.0,0,39.2,46.3,8,4,30.9
22.1,0,2,1,25.0,0,8.4,31.0,15,4,7.0
17.1,0,3,0,0.0,1,2.4,29.5,15,4,6.3
113.8,3,3,6,150.1,3,100.0,82.7,11,0,74.9
216.9,1,4,7,179.7,8,51.6,83.3,8,2,75.8
205.5,5,5,5,123.4,3,94.5,75.3,13,1,90.3
101.4,4,4,2,52.6,5,97.2,73.8,14,2,67.9
41.2,0,1,0,0.0,1,5.3,57.6,17,0,21.4
53.5,2,5,0,0.0,0,44.3,45.1,17,3,25.4
250.5,7,8,4,109.6,4,89.1,84.9,7,2,86.1
66.3,5,6,5,125.5,2,71.6,76.9,11,2,67.4
111.8,7,7,3,75.4,2,92.8,75.7,9,3,70.8
209.9,7,7,8,196.7,13,100.0,92.6,12,0,99.8
146.4,6,6,3,77.9,3,100.0,81.4,18,4,79.1
96.3,5,5,4,95.9,3,87.3,80.0,1,2,70.8
96.0,3,3,3,75.5,3,90.3,63.4,8,2,63.6
42.6,1,1,1,25.0,0,74.5,55.2,13,2,35.4
40.6,1,3,2,67.3,2,33.0,80.1,15,5,36.5
40.7,2,11,0,13.0,1,26.8,34.3,9,5,19.0
119.8,2,3,1,27.8,3,82.6,81.1,8,1,57.9
139.0,6,8,8,196.7,5,95.1,86.5,9,1,93.1
73.4,3,8,2,40.0,2,49.6,48.7,11,0,38.9
134.8,4,7,4,119.5,8,70.6,88.8,7,6,81.0
12.8,2,2,1,25.0,0,70.6,5.0,11,3,30.4
158.0,6,7,5,120.7,5,91.4,83.1,16,0,92.9
260.8,3,4,4,100.3,9,86.5,74.7,13,2,84.0
45.0,0,1,1,25.0,1,15.7,38.7,7,2,17.1
170.0,2,3,4,100.7,5,75.2,68.4,10,0,82.5
251.0,4,4,8,207.3,6,100.0,96.7,14,2,100.0
149.8,3,4,7,184.1,5,85.6,86.3,15,2,88.4
112.6,3,4,6,145.9,11,89.2,86.1,9,0,84.2
31.0,3,11,3,60.0,1,27.8,35.2,9,2,29.0
99.4,6,6,2,50.1,2,97.5,79.6,17,3,61.1
63.3,6,7,4,100.2,7,69.6,65.4,15,0,74.0
100.3,2,3,1,23.0,2,76.1,55.5,6,2,44.9
43.9,2,9,0,0.0,0,25.8,27.1,8,2,17.3
194.1,4,4,9,230.2,7,100.0,79.7,16,2,99.3
9.9,0,1,2,50.0,0,2.0,12.8,9,3,10.9
87.1,4,4,3,74.3,1,85.2,67.0,15,3,60.3
221.7,7,7,4,99.9,6,93.7,81.7,16,2,95.7
5.1,1,2,0,0.0,0,28.1,41.6,11,2,19.1
6.4,0,2,0,0.0,2,2.7,22.2,10,1,12.1
231.9,6,6,3,72.0,7,100.0,80.6,8,0,88.7
231.3,6,7,5,122.8,6,98.5,93.7,6,0,100.0
140.7,4,4,5,129.2,3,98.1,54.4,3,3,79.0
10.0,1,1,0,0.0,1,56.4,28.3,8,2,25.8
222.1,4,7,10,256.1,6,74.9,89.6,15,0,92.4
117.8,4,6,6,152.4,0,81.7,72.3,10,3,66.7
69.7,0,1,2,50.0,0,24.8,43.3,8,2,18.2
153.2,5,6,2,47.5,1,90.9,62.4,9,1,67.0
254.5,4,6,5,125.4,10,76.5,81.5,10,2,91.7
2.4,2,6,0,0.0,1,22.5,54.0,11,1,22.5
124.1,5,7,3,72.7,5,88.0,78.4,7,0,69.8
115.1,6,7,3,102.9,4,85.5,82.6,10,5,75.2
182.1,7,7,5,131.6,11,100.0,90.5,14,2,100.0
123.4,5,7,2,46.7,4,81.6,76.6,16,3,68.7
199.0,6,8,8,209.5,7,89.3,78.9,15,1,94.5
76.3,1,5,2,40.0,1,33.2,60.9,10,1,35.5
110.8,6,7,5,124.8,2,88.7,59.4,10,2,77.1
110.0,3,4,2,64.2,2,80.5,76.1,10,5,57.4
72.6,3,9,1,20.0,1,45.7,49.4,12,2,34.3
26.8,1,1,1,25.0,1,68.2,37.5,10,1,36.8
65.8,1,3,2,54.8,1,35.3,74.9,6,2,40.3
101.9,5,6,4,95.3,4,83.1,95.0,13,3,75.1
97.5,3,5,5,126.8,0,70.1,73.8,8,2,52.4
78.8,3,6,4,95.3,7,57.2,76.4,6,0,60.6
49.2,0,1,2,50.0,1,19.4,30.9,11,1,27.5
64.8,4,10,2,40.0,0,36.3,61.2,10,4,42.5
20.7,1,6,0,0.0,0,23.2,37.8,18,4,11.7
211.8,5,6,4,100.8,2,88.9,59.6,10,0,79.1
117.1,4,5,1,21.7,4,86.9,95.0,1,0,59.7
127.8,5,5,3,96.2,3,100.0,85.8,15,5,74.5
68.5,3,7,3,60.0,2,54.8,39.1,15,3,41.9
186.4,9,9,7,177.7,4,100.0,82.9,14,2,95.4
98.7,2,3,4,97.2,1,77.2,79.1,10,0,57.1
228.1,3,4,8,205.1,8,81.6,85.8,0,4,89.6
134.8,5,7,4,98.1,8,87.5,63.2,7,1,78.9
228.7,7,7,5,122.3,9,99.7,89.2,8,1,94.2
110.9,3,6,0,0.0,1,71.4,51.7,17,0,46.0
0.5,1,3,0,0.0,0,21.5,28.2,9,2,10.1
167.2,2,9,1,20.0,0,53.8,50.0,22,0,49.6
118.1,3,6,2,52.3,4,63.7,59.0,15,1,53.0
0.7,1,3,0,0.0,0,15.8,60.0,13,1,14.8
73.5,2,11,0,0.0,2,38.2,29.7,23,3,27.8
52.9,3,5,2,40.0,2,51.4,41.6,16,0,42.0
14.2,2,3,0,0.0,2,47.8,5.4,21,2,22.3
96.3,3,5,4,100.6,5,75.4,63.6,18,3,60.7
35.7,2,3,1,22.6,2,50.9,60.0,14,2,34.4
117.3,6,7,3,79.4,3,95.4,68.2,13,0,72.9
250.6,8,9,7,183.9,7,93.4,82.5,16,4,97.2
102.4,7,7,5,125.7,10,94.2,85.8,12,3,84.6
72.2,3,11,0,0.0,0,39.0,66.8,18,2,32.3
58.0,2,10,0,0.0,0,22.4,42.6,15,1,18.9
109.5,3,3,2,51.8,2,88.6,70.4,10,3,60.7
81.6,2,9,1,20.0,1,38.5,23.8,16,1,34.8
145.0,5,5,4,104.0,4,99.7,50.8,14,2,83.6
189.8,7,7,9,227.5,7,100.0,84.7,8,0,98.6
102.4,3,4,4,98.4,2,79.4,64.2,14,1,64.6
149.5,3,5,2,52.2,2,80.7,52.3,11,1,67.2
72.4,3,3,2,53.9,1,87.9,83.1,16,0,60.3
65.2,4,5,0,0.0,0,69.1,38.5,11,1,34.5
94.1,4,9,0,0.0,0,58.9,40.2,12,1,31.2
74.5,4,6,3,60.0,0,64.7,50.6,15,2,44.9
135.6,5,6,4,107.9,8,92.8,80.1,10,3,86.5
114.5,4,6,2,47.6,5,74.7,73.8,15,2,66.8
158.9,6,6,5,129.3,2,99.4,69.5,13,2,81.5
195.2,3,4,4,96.2,4,84.7,55.4,14,4,86.6
131.8,0,3,8,196.1,4,39.7,91.8,12,1,61.6
24.5,2,2,0,0.0,1,66.4,29.3,14,0,37.1
223.6,4,5,6,157.2,4,85.1,85.7,9,2,89.5
152.2,5,6,3,100.9,2,89.9,74.6,19,5,70.8
91.8,3,3,3,70.4,3,93.4,75.6,11,1,65.1
151.3,4,4,6,147.3,1,100.0,85.6,16,0,84.8
136.4,5,7,3,73.6,5,83.5,76.6,13,3,74.2
129.7,3,3,1,25.5,4,97.3,66.3,21,2,62.9
121.3,6,6,4,99.2,2,99.2,67.6,20,0,74.3
22.4,0,8,1,20.0,0,5.2,44.5,8,0,9.9
151.2,6,6,3,72.3,3,100.0,78.3,12,4,78.4
185.3,4,4,4,104.9,5,100.0,83.9,8,0,91.1
108.5,4,5,6,146.1,5,83.2,73.0,14,1,78.4
69.8,1,7,1,20.0,0,35.0,32.8,12,0,23.4
106.4,0,3,4,103.6,2,37.7,63.7,9,3,45.2
136.4,9,9,5,127.9,10,96.9,69.7,17,6,88.4
122.6,3,3,3,78.7,4,98.6,64.0,18,2,71.7
139.9,5,7,1,24.0,6,85.7,79.9,17,4,72.3
119.5,2,4,3,75.0,1,75.4,86.1,14,2,61.7
78.3,2,5,1,26.9,4,50.9,60.1,17,1,46.9
195.5,8,8,7,177.5,8,100.0,87.1,7,0,99.1
99.5,6,6,3,76.8,5,92.3,82.6,13,0,74.4
121.1,1,4,7,170.2,8,61.3,98.7,14,2,77.3
130.5,4,5,6,146.2,5,86.4,86.2,14,1,86.8
36.8,1,5,4,80.0,2,24.7,27.2,16,3,35.8
154.4,6,6,3,96.0,8,99.2,94.1,14,6,91.4
118.1,4,5,8,200.2,2,88.8,72.0,16,1,71.6
135.9,3,6,1,52.6,5,76.9,82.5,15,6,66.0
157.0,7,7,5,121.4,4,100.0,54.1,8,0,87.3
277.3,5,5,11,275.3,6,93.7,86.5,10,3,100.0
104.0,6,6,4,97.3,2,92.2,67.4,11,1,71.6
173.9,8,8,5,129.0,11,100.0,71.3,6,4,97.8
30.0,3,4,6,153.4,1,59.6,77.1,15,3,51.3
21.3,1,3,0,0.0,1,27.3,39.3,14,5,16.4
167.9,7,7,3,76.2,5,100.0,78.4,8,4,81.1
103.9,2,4,6,154.7,5,55.0,50.8,4,3,73.0
81.3,2,3,6,152.6,2,69.0,62.2,17,3,61.4
29.5,0,5,1,20.0,0,8.7,34.6,8,1,10.6
285.9,7,7,5,125.0,7,98.3,77.8,9,1,97.9
48.8,2,3,2,62.5,1,57.8,75.5,12,5,39.6
77.9,4,6,4,102.1,4,61.5,63.6,6,1,59.2
16.5,1,3,0,0.0,0,22.0,28.7,20,0,11.9
0.0,5,9,2,40.0,3,37.1,10.0,9,4,30.7
103.5,1,3,3,79.9,2,56.8,89.1,8,3,51.6
3.2,1,2,0,0.0,1,35.5,38.1,15,1,17.8
159.5,2,3,2,49.3,3,80.5,86.4,1,2,70.4
189.3,6,7,7,174.6,6,89.6,92.9,15,1,94.1
5.1,1,3,1,25.0,0,24.2,37.6,15,1,19.3
8.0,0,2,0,0.0,2,8.8,57.3,9,4,11.8
239.6,1,4,6,156.5,10,49.4,84.4,14,4,80.0
99.8,3,3,4,95.3,4,91.2,62.3,2,1,72.7
86.6,5,5,1,27.5,4,89.1,83.0,7,0,61.7
137.9,4,4,7,173.0,3,99.2,58.5,13,0,79.5
37.2,3,4,5,122.5,1,51.3,71.8,10,3,48.7
266.1,4,4,9,233.6,12,99.5,80.3,16,1,99.5
206.0,4,4,3,73.5,4,96.7,86.6,15,4,87.5
70.5,4,7,5,131.2,4,57.5,70.8,13,5,61.9
186.7,2,4,6,148.4,8,66.5,89.2,18,1,83.2
96.3,2,4,0,-1.3,1,58.9,81.2,8,6,40.2
235.0,5,6,2,56.1,4,89.6,99.3,16,1,83.8
219.0,3,4,5,122.2,5,86.1,80.9,12,3,92.6
130.0,4,5,4,96.3,2,88.3,78.1,21,4,69.2
94.1,3,6,0,0.0,2,64.0,63.1,7,0,42.7
148.9,5,5,7,174.5,10,95.6,73.3,10,4,92.1
50.1,3,4,1,34.6,5,64.5,77.1,17,6,53.8
39.7,4,4,3,82.7,1,74.9,84.2,14,5,55.0
124.3,4,5,3,74.4,4,98.4,70.7,11,2,73.1
72.7,9,9,4,98.2,6,88.3,70.0,9,3,73.9
226.4,7,7,6,152.2,7,97.4,82.7,15,1,100.0
76.6,4,4,0,13.3,6,86.7,74.0,14,5,63.5
220.0,3,5,5,121.6,0,75.2,71.5,9,0,73.9
30.8,4,11,0,13.0,1,26.4,43.4,16,6,28.9
168.5,1,4,7,175.4,2,55.8,78.8,14,4,66.5
57.4,0,2,0,0.0,2,29.4,36.4,14,3,21.7
279.2,4,4,5,124.9,4,100.0,83.8,7,2,90.3
113.6,1,3,6,149.7,4,55.0,70.0,10,0,57.0
202.1,3,4,5,128.2,3,83.4,77.2,7,0,79.9
171.4,3,4,5,128.0,4,85.2,74.1,15,4,85.2
77.6,3,3,2,52.7,2,82.9,65.8,11,4,57.8
96.3,4,5,1,25.1,4,87.1,80.4,14,3,61.6
194.8,7,9,6,159.5,8,78.9,87.6,9,0,92.2
136.2,5,7,2,53.0,2,85.6,88.2,9,0,71.6
102.5,4,4,5,135.2,2,96.1,92.8,11,6,73.8
12.4,0,2,0,0.0,1,4.1,56.2,14,3,15.2
107.0,2,3,3,72.1,8,72.7,63.7,15,1,70.3
53.6,1,6,1,20.0,4,29.9,41.7,11,3,29.6
199.8,4,5,2,50.2,6,92.4,69.3,15,2,82.3
128.3,4,6,1,25.0,6,80.8,68.2,11,4,70.3
77.4,4,10,1,20.0,1,57.2,48.4,9,4,38.1
306.5,8,9,6,152.5,7,85.8,77.6,4,3,90.6
223.5,8,8,9,232.7,3,100.0,68.9,14,3,87.1
86.7,2,4,1,23.8,5,55.7,60.6,16,0,47.4
136.5,6,6,7,170.3,4,98.2,67.5,10,4,81.8
69.5,2,6,0,13.0,0,41.7,66.0,14,6,30.3
248.4,8,9,5,133.5,6,92.8,91.6,0,1,92.9
170.5,7,8,10,250.1,11,99.0,89.0,15,2,96.7
108.6,4,5,2,66.7,2,83.2,69.6,8,6,64.0
102.6,7,8,3,83.1,7,88.6,76.0,9,6,77.7
152.0,9,9,3,76.9,8,97.6,87.7,11,3,86.0
100.4,3,4,3,75.8,5,78.8,66.3,14,0,69.7
148.7,4,5,5,122.5,12,90.4,88.5,7,0,83.4
175.4,8,9,8,205.7,5,92.0,76.7,10,0,91.4
85.9,5,6,2,53.7,1,80.1,54.7,11,0,57.3
39.2,4,10,2,40.0,0,38.2,63.4,10,3,34.2
47.3,3,7,0,0.0,1,36.8,53.1,13,3,31.8
29.2,1,2,1,25.0,1,32.5,39.7,11,0,30.9
51.4,5,5,4,103.4,3,73.3,68.3,7,0,63.2
67.1,4,7,1,20.0,0,51.2,51.6,15,4,39.4
54.7,4,5,1,49.2,5,70.7,56.5,15,6,58.1
152.6,3,5,1,26.3,0,74.1,46.8,9,2,55.7
48.3,2,6,0,13.0,0,35.1,20.4,8,5,20.4
33.9,2,2,0,0.0,0,68.5,12.6,17,4,32.5
75.1,3,4,3,82.1,2,60.5,62.7,15,5,59.6
117.9,3,4,4,103.4,2,80.0,74.1,15,2,72.1
269.6,9,9,8,202.9,6,100.0,100.0,13,0,99.5
176.3,9,9,10,252.0,10,100.0,76.5,9,4,100.0
65.8,0,1,0,0.0,1,26.1,31.2,8,0,17.1
86.4,6,7,1,22.3,2,79.6,73.3,11,4,58.1
45.1,0,9,0,0.0,0,16.8,44.3,10,4,19.5
76.6,3,5,3,74.1,2,62.2,61.6,9,3,52.2
42.5,3,5,1,20.0,1,58.8,42.4,15,3,37.1
68.9,6,6,1,48.1,3,87.6,72.8,7,5,57.0
101.6,4,6,1,34.0,3,73.5,75.6,9,5,54.5
263.7,8,9,10,257.9,9,90.3,75.0,10,4,97.8
66.0,1,10,3,60.0,1,23.3,63.1,11,0,35.5
160.8,1,4,9,230.6,9,44.1,94.8,9,2,79.6
142.4,5,7,2,53.2,6,76.5,76.3,12,2,79.2
164.4,4,5,9,223.1,3,86.2,93.6,11,3,85.7
110.7,4,6,0,1.3,2,77.6,77.1,8,5,45.2
115.4,3,3,1,22.9,4,97.3,74.5,15,1,67.3
59.1,3,7,2,40.0,2,45.3,37.0,7,2,36.6
206.8,6,6,7,180.8,8,100.0,81.8,16,2,100.0
177.5,4,5,4,101.0,3,95.2,70.7,9,1,84.7
95.0,4,4,4,103.6,4,88.1,64.2,15,1,74.4
118.0,5,7,3,71.0,3,76.9,74.2,10,3,68.5
63.3,3,10,0,0.0,3,39.4,52.7,18,1,31.8
118.5,2,3,4,95.1,6,79.7,88.9,11,1,78.6
123.9,7,11,2,40.0,0,79.5,39.2,19,2,46.3
90.0,1,2,1,25.0,1,57.6,43.6,8,0,33.6
76.1,1,8,0,0.0,0,26.6,45.3,7,1,27.4
181.7,7,8,9,231.5,5,95.2,74.9,8,1,91.1
317.4,2,4,6,145.2,4,69.3,84.1,7,1,79.0
225.5,5,6,4,105.1,10,88.3,90.9,14,0,94.4
43.9,6,7,5,120.3,3,65.0,64.0,8,1,56.7
153.9,4,7,2,51.3,2,68.2,90.4,15,0,65.1
141.6,8,8,5,132.9,6,100.0,87.5,19,1,92.5
139.7,6,7,5,129.9,2,80.0,54.4,16,2,78.1
127.8,5,6,8,196.2,6,85.8,91.9,10,4,85.7
72.6,5,7,5,122.0,2,71.4,59.6,14,0,58.9
145.1,3,6,1,23.6,1,71.2,66.5,16,1,52.0
112.2,3,4,6,146.5,2,88.0,74.3,5,3,65.4
174.7,5,6,2,51.1,9,88.8,92.3,9,3,87.7
223.7,1,4,8,208.3,7,51.1,100.0,7,4,79.7
113.5,7,7,4,99.2,4,97.6,95.0,10,2,83.8
127.0,4,7,2,45.5,4,76.5,64.4,6,4,60.3
116.6,4,4,6,150.2,5,98.3,94.1,15,3,85.0
152.4,5,6,5,121.1,3,94.5,58.6,0,0,77.4
98.6,4,4,1,28.7,10,95.3,90.5,16,1,71.3
130.3,4,5,4,103.7,3,91.2,64.3,17,1,79.7
4.2,0,2,0,0.0,0,2.0,47.8,15,0,9.2
89.7,3,7,1,34.2,10,56.1,66.7,11,6,55.0
222.3,6,7,4,104.8,7,93.7,80.0,7,4,89.9
137.5,2,3,3,72.4,3,83.7,53.9,9,3,64.6
82.8,3,8,1,20.0,2,47.4,58.6,7,4,38.1
283.4,5,5,6,150.6,12,100.0,91.1,14,1,99.5
176.7,6,6,3,84.7,10,98.7,90.4,15,2,95.7
116.8,4,4,2,70.4,9,98.6,86.6,9,6,83.8
34.0,4,9,2,40.0,0,39.7,49.8,15,2,25.4
137.3,7,7,1,20.4,12,100.0,56.9,8,1,74.1
70.6,4,4,2,65.5,3,81.3,85.9,11,6,64.1
94.4,2,7,1,34.4,4,47.1,58.6,8,5,42.7
182.6,8,9,6,157.7,6,94.5,80.2,0,2,96.6
70.9,3,4,2,67.2,0,67.0,55.7,9,5,47.7
128.2,3,6,3,76.8,3,67.3,77.4,14,1,70.4
79.2,3,9,3,60.0,1,42.7,28.5,18,1,35.3
46.4,4,10,1,20.0,0,40.0,35.5,9,1,31.8
115.4,3,3,5,130.8,4,100.0,84.0,16,5,84.3
112.1,5,6,1,23.6,6,84.1,71.1,16,4,71.9
119.4,6,7,6,152.2,5,87.2,77.3,17,1,81.7
81.3,5,6,1,29.7,3,71.0,59.6,16,0,61.6
52.6,1,1,0,0.0,1,76.5,60.0,15,2,44.2
87.7,4,9,0,0.0,2,53.4,70.0,15,0,45.3
21.0,2,5,2,40.0,2,31.0,62.1,16,0,32.9
208.6,8,8,3,75.4,9,95.8,92.9,12,3,96.5
263.0,6,6,5,134.0,4,100.0,73.8,10,0,91.2
159.3,4,6,3,76.2,2,84.7,61.4,15,0,71.3
233.1,9,9,3,76.8,8,100.0,91.4,10,2,86.3
84.0,3,8,0,13.0,2,50.6,70.0,14,6,42.0
3.2,1,1,0,0.0,0,53.5,27.1,16,3,24.8
270.6,4,4,6,158.9,14,99.5,85.6,11,3,98.4
124.7,5,7,4,102.3,7,82.4,81.4,16,2,78.8
237.0,4,7,5,126.9,10,73.2,86.4,7,3,87.7
60.0,9,9,3,78.6,6,76.0,80.3,14,2,71.8
232.5,9,9,8,203.4,3,95.8,92.0,10,3,90.1
92.5,3,5,4,95.4,2,61.4,77.6,10,4,61.9
170.6,8,9,12,302.5,5,98.4,80.3,11,3,94.0
30.5,0,1,0,0.0,1,8.3,60.0,8,1,11.6
157.8,4,4,4,110.5,10,97.1,96.2,20,6,95.8
182.9,5,6,4,108.0,9,89.4,83.4,16,4,92.6
106.0,5,6,7,170.5,1,88.9,68.1,18,4,63.9
44.9,2,5,0,0.0,3,37.6,53.0,14,4,34.0
33.9,0,2,0,0.0,2,10.7,40.3,11,4,19.1
203.3,2,4,4,98.1,3,69.6,49.1,14,4,70.7
233.4,4,5,8,208.3,6,86.9,73.0,19,3,87.1
119.4,5,11,0,0.0,3,65.7,54.9,15,3,53.2
305.1,7,7,8,203.1,9,100.0,97.0,9,3,100.0
193.9,3,6,5,124.9,8,65.7,74.6,8,4,82.8
91.3,2,3,4,103.2,1,73.9,72.5,17,0,56.5
91.5,1,7,0,0.0,2,44.8,43.2,14,4,36.4
120.5,5,6,2,58.1,4,89.3,98.9,16,4,75.0
112.1,4,5,1,30.0,2,90.8,62.4,19,5,48.3
112.8,5,5,4,98.5,6,94.4,57.4,15,1,80.4
160.4,5,6,1,31.9,7,90.3,98.5,15,5,85.0
153.3,4,7,2,53.3,5,70.3,68.4,15,0,73.2
23.4,2,2,0,0.0,0,70.8,38.8,17,3,32.6
265.7,7,9,7,178.0,4,78.2,95.0,11,4,98.1
240.8,5,5,9,229.2,9,98.5,87.7,10,3,100.0
164.5,3,4,4,99.9,1,91.6,62.8,15,3,75.0
3.3,0,1,1,25.0,0,0.0,43.7,4,0,9.0
96.5,6,7,3,79.0,5,81.5,77.1,11,6,73.5
129.0,4,5,5,126.7,8,88.9,70.8,11,2,78.7
92.0,1,3,1,33.1,5,46.2,77.0,6,6,52.5
103.1,3,3,2,48.5,5,93.4,64.9,5,4,65.6
83.8,5,6,1,32.5,6,79.9,67.2,12,6,66.3
122.1,5,6,2,48.9,5,89.8,60.1,11,3,75.3
155.0,5,6,4,103.9,5,91.3,72.8,16,0,88.1
114.7,2,6,1,20.0,0,57.1,48.7,14,4,39.1
55.1,2,7,1,20.0,1,33.6,33.6,10,3,25.1
59.6,2,6,3,73.3,1,48.8,82.7,16,0,38.2
94.5,4,5,2,54.4,4,80.1,67.4,10,1,65.1
110.5,3,6,4,102.1,3,61.7,68.1,12,1,59.4
61.3,3,7,4,96.4,2,46.7,71.8,21,0,51.6
282.0,4,5,8,202.6,6,90.3,94.5,14,4,97.9
63.2,5,7,6,150.6,5,55.6,89.9,16,0,68.7
71.8,6,7,1,25.0,2,80.6,72.2,16,4,55.1
189.1,7,7,8,208.4,6,100.0,100.0,15,0,100.0
108.2,4,5,2,47.7,2,86.9,87.2,9,1,61.2
124.0,6,7,3,74.8,6,89.2,84.4,13,3,77.6
207.6,4,4,5,125.0,8,96.2,76.1,11,1,93.2
64.7,1,10,0,0.0,0,31.0,49.4,12,3,23.2
128.8,3,3,3,76.6,5,92.4,66.7,11,1,74.5
101.5,4,4,0,2.7,5,91.9,70.7,10,1,66.5
62.6,0,1,1,25.0,0,23.1,19.1,12,2,25.2
45.0,7,7,4,102.6,4,70.4,61.3,11,2,63.3
76.7,1,4,2,65.2,1,39.2,67.3,3,5,38.9
225.8,8,8,5,126.2,6,100.0,85.2,12,4,99.8
5.1,2,2,0,0.0,0,69.1,10.3,15,2,23.4
244.6,7,8,5,123.2,14,87.5,84.2,16,1,97.3
22.4,1,1,0,0.0,1,67.3,27.3,12,1,29.1
151.7,1,3,2,46.3,3,59.1,75.1,1,1,53.7
35.7,1,2,0,0.0,1,47.5,57.6,11,2,25.9
43.4,1,2,0,0.0,0,45.2,39.2,21,3,20.5
80.2,3,9,0,0.0,1,41.7,29.9,11,2,32.0
105.1,3,5,4,100.5,4,70.4,65.2,20,3,60.3
73.4,3,5,1,20.0,0,58.6,33.8,14,3,38.0
260.9,7,7,9,228.9,7,92.2,89.4,14,1,95.3
133.6,5,5,3,78.6,1,94.3,89.3,11,0,76.2
13.4,3,3,1,25.0,0,63.6,48.1,9,4,31.3
17.2,1,2,0,0.0,2,31.3,34.2,13,1,19.1
236.7,5,6,4,108.0,6,89.0,86.3,16,3,100.0
18.7,1,1,0,16.2,2,65.9,15.3,14,6,38.0
74.4,2,3,1,21.5,2,60.4,59.9,16,0,45.9
148.9,3,3,8,197.6,2,97.9,65.6,17,1,83.8
65.5,5,6,1,20.0,4,72.1,60.4,10,3,52.7
63.8,1,3,5,124.2,5,37.5,71.3,10,2,51.6
11.9,1,1,1,25.0,0,72.4,27.4,15,3,30.8
123.0,2,3,5,126.4,5,80.6,57.1,16,2,66.0
110.1,5,5,5,124.6,5,90.2,64.7,14,1,82.9
87.9,3,7,1,20.0,2,60.3,52.2,13,2,37.6
155.6,2,4,2,49.9,3,65.4,79.5,16,1,62.5
118.1,4,4,3,75.7,1,97.9,90.0,16,2,71.7
90.7,5,6,2,49.1,5,79.5,85.2,10,3,69.0
149.4,3,5,1,26.3,1,77.7,63.8,14,1,55.0
46.4,6,9,0,0.0,2,50.9,62.4,15,3,36.8
101.5,1,7,4,100.7,2,44.5,59.6,9,0,47.7
191.4,4,5,6,146.0,4,84.0,100.0,13,4,83.3
145.7,4,5,4,99.5,5,90.8,95.0,12,0,81.8
203.6,7,7,6,145.0,7,100.0,95.2,13,2,100.0
222.2,3,4,10,253.7,8,84.2,100.0,14,1,96.1
136.2,4,11,0,0.0,0,59.5,70.0,15,2,50.7
166.2,2,3,5,126.0,1,84.0,92.8,12,3,78.2
193.0,3,4,5,125.5,11,89.3,91.2,13,1,88.1
118.9,7,8,9,234.7,8,86.7,96.8,12,1,84.1
141.6,5,5,2,50.1,4,99.6,69.2,12,1,75.3
152.1,4,4,3,78.6,3,100.0,54.5,11,4,74.8
198.1,8,8,5,126.0,5,94.1,85.1,9,1,100.0
7.4,3,3,1,25.0,0,60.8,44.0,15,0,32.0
1.8,2,3,0,0.0,0,47.1,38.1,11,6,22.0
237.7,8,9,2,57.2,6,98.3,89.9,10,2,92.3
131.1,3,4,8,201.4,3,80.7,71.2,12,1,74.2
96.3,4,6,5,125.4,3,78.6,46.3,10,3,60.5
74.7,3,5,2,54.6,0,54.5,69.9,12,3,44.7
95.4,1,3,0,-2.4,4,53.2,83.7,11,2,44.0
103.3,6,6,2,47.2,5,95.9,69.4,17,4,69.2
5.1,0,1,0,0.0,0,0.9,32.9,10,2,16.2
50.3,3,7,1,20.0,3,38.4,54.7,0,4,39.4
98.6,5,5,3,78.7,2,94.1,57.6,8,3,62.6
105.8,6,7,4,102.9,5,89.4,85.3,10,3,78.9
197.3,7,8,6,153.0,4,92.0,79.5,16,3,92.1
34.8,3,6,0,0.0,1,43.7,35.4,12,3,23.5
93.7,7,7,5,125.8,4,90.0,68.2,10,1,83.1
122.0,8,9,4,113.4,10,98.6,76.8,7,6,79.9
168.8,7,7,6,159.3,6,100.0,67.1,18,2,93.3
3.5,0,1,2,50.0,1,0.0,37.0,18,3,10.8
36.4,1,2,1,25.0,1,43.2,48.0,1,3,26.7
195.1,4,5,8,203.4,5,84.6,84.2,17,1,94.7
58.5,1,1,0,0.0,2,79.3,23.7,10,5,39.4
134.2,2,3,5,128.6,3,79.0,68.9,14,3,73.4
139.6,5,5,5,124.5,2,96.5,83.6,14,3,76.4
235.3,6,7,2,45.8,8,91.2,88.9,15,1,88.1
31.4,4,10,0,0.0,0,39.2,45.1,8,1,19.5
11.4,5,10,1,20.0,0,32.7,40.7,15,2,24.9
104.4,2,3,8,198.2,5,73.4,67.5,13,2,67.8
155.6,3,4,9,232.1,8,80.5,94.1,17,2,87.8
129.2,1,3,4,100.6,1,62.8,92.7,14,0,55.5
117.9,6,6,11,273.9,11,92.6,66.2,15,2,89.0
117.7,5,6,5,121.8,2,94.7,72.5,17,1,77.6
329.6,9,9,7,182.5,7,100.0,84.4,9,2,99.5
8.7,1,2,0,0.0,1,34.0,22.5,7,1,16.5
2.7,0,1,1,25.0,0,7.3,40.1,17,3,8.5
144.5,3,5,4,103.6,2,80.0,73.1,9,2,68.4
70.9,6,6,3,73.3,5,88.9,68.8,11,1,67.0
151.9,3,4,3,76.6,4,84.5,53.6,15,2,74.1
187.1,7,9,7,171.4,11,90.4,79.5,13,0,94.1
13.0,0,3,0,0.0,1,10.8,11.2,14,1,5.4
146.8,4,4,8,206.8,10,97.6,88.9,10,3,93.3
151.2,6,6,5,134.5,4,100.0,85.6,11,1,87.3
248.7,6,7,2,46.4,4,92.7,71.1,17,4,81.6
57.4,0,8,1,20.0,0,20.5,62.6,17,0,26.4
141.3,4,7,3,71.3,4,71.7,62.4,15,1,71.0
126.3,4,7,3,74.5,4,75.6,70.7,14,1,66.3
294.3,6,8,9,222.3,9,86.9,93.1,15,0,91.7
129.1,5,6,3,79.6,5,92.8,87.3,12,3,82.9
82.2,3,4,1,21.0,5,73.4,81.1,12,4,59.4
140.2,3,3,5,125.4,9,100.0,68.6,14,1,87.9
262.2,8,9,3,77.4,11,94.2,96.8,17,4,93.0
22.2,2,8,0,13.0,2,26.1,49.2,16,6,23.1
118.5,5,5,4,99.5,4,100.0,61.1,16,4,81.7
50.5,3,4,1,22.5,2,60.5,76.1,14,3,43.9
84.3,4,8,2,40.0,2,58.0,26.5,10,0,44.3
138.7,5,6,5,122.7,6,93.1,81.0,15,4,87.5
202.8,7,7,8,209.5,9,98.4,100.0,8,4,92.9
164.9,3,4,6,145.6,1,86.7,95.0,14,0,82.1
167.2,4,7,5,122.2,1,70.8,72.7,14,3,72.3
74.4,2,7,0,0.0,0,46.2,24.0,11,1,25.2
171.9,2,3,4,96.2,2,79.5,72.4,11,1,73.0
107.8,4,7,4,97.9,3,71.5,54.1,10,3,61.1
86.8,6,11,0,0.0,0,62.3,45.7,15,0,36.8
161.5,4,6,6,152.9,8,80.6,96.2,10,2,95.9
57.2,3,3,8,203.2,4,79.7,65.3,10,1,65.8
110.7,5,5,7,174.2,10,91.7,91.8,17,2,89.3
182.0,6,8,2,70.0,8,85.2,93.4,12,6,92.4
94.1,3,3,3,84.5,7,95.2,77.2,11,6,75.4
228.0,5,6,7,178.8,8,99.8,100.0,11,2,96.0
151.2,7,7,3,79.1,1,98.5,58.8,8,4,70.5
137.4,2,3,4,95.1,4,75.9,80.1,10,4,72.4
95.3,4,4,6,149.6,3,95.7,87.7,9,0,72.5
30.0,7,7,2,47.0,2,70.3,69.7,10,0,51.8
1.5,1,3,0,0.0,1,21.9,60.0,16,3,16.5
14.1,0,1,1,25.0,0,4.1,30.0,8,3,10.4
97.6,4,5,4,104.3,1,83.9,55.6,20,1,58.8
97.3,2,5,0,0.0,2,60.7,47.8,2,2,41.5
208.8,3,4,10,253.3,9,86.0,87.4,9,3,96.8
61.0,4,6,3,96.4,4,59.5,55.9,14,5,61.8
35.1,5,8,0,0.0,1,52.9,63.4,16,1,34.8
85.0,7,7,3,72.2,3,86.4,87.4,10,4,67.0
183.1,4,7,2,51.6,4,67.9,75.5,14,3,75.2
84.3,4,6,0,13.0,1,64.7,29.7,14,5,41.3
178.6,1,4,3,70.3,5,57.9,74.7,4,4,68.5
367.1,4,5,5,134.6,5,84.0,80.4,18,2,90.5
12.3,2,2,0,0.0,0,61.5,28.4,9,3,29.4
155.7,4,7,3,71.7,5,77.3,95.0,12,4,75.7
82.3,0,8,1,20.0,1,23.9,58.4,16,0,30.6
212.8,3,6,10,259.4,13,64.3,84.6,0,2,87.0
150.2,6,6,4,116.4,12,97.9,89.5,14,6,93.5
53.3,1,3,2,50.0,2,41.1,57.3,8,3,30.2
258.2,4,5,4,96.5,8,92.0,85.0,14,0,86.7
52.7,1,8,1,20.0,1,21.3,26.4,8,1,18.9
259.0,7,8,12,296.3,8,92.4,95.3,12,4,100.0
145.4,9,9,7,174.9,8,100.0,84.0,9,4,95.3
180.0,3,6,5,127.9,4,79.6,82.6,12,4,85.8
88.2,4,11,2,40.0,1,53.4,62.3,9,4,38.7
173.7,6,7,6,149.4,6,89.9,74.4,10,1,92.2
206.1,6,6,5,125.6,11,91.7,82.5,9,4,100.0
171.9,3,5,4,101.9,2,81.2,82.4,11,2,70.0
188.9,7,9,9,224.5,4,84.7,100.0,15,0,91.3
131.4,2,3,4,95.1,0,81.3,65.8,14,2,57.2
129.3,7,7,4,111.6,10,98.4,100.0,15,6,92.2
103.9,1,3,7,177.0,4,47.7,91.8,14,2,62.6
116.5,3,4,4,103.1,5,79.2,55.4,11,4,74.3
98.5,3,5,5,122.2,3,72.8,40.0,18,4,65.3
41.5,3,6,1,33.6,3,49.6,91.2,17,6,44.1
6.9,3,7,1,20.0,4,33.8,34.8,16,4,32.3
7.0,1,3,0,0.0,0,22.0,17.4,12,2,13.2
21.5,1,2,0,0.0,0,36.1,33.2,9,0,22.4
65.2,5,6,4,112.6,6,66.3,73.7,9,5,74.2
53.7,0,5,0,0.0,0,20.3,45.6,12,6,17.0
74.6,0,9,0,0.0,0,21.2,50.5,14,6,23.9
124.8,5,7,3,74.4,3,86.2,95.0,11,2,76.3
86.1,1,8,0,0.0,1,34.1,49.8,11,3,30.3
163.7,3,4,3,73.9,2,79.8,64.2,10,1,71.3
102.1,3,4,4,97.5,1,72.4,60.2,16,3,64.5
195.0,6,6,5,128.0,7,95.9,93.9,8,2,92.6
191.9,4,4,4,107.2,6,99.7,91.5,14,1,99.5
74.9,2,7,1,20.0,0,40.0,22.3,15,1,24.8
147.0,2,4,4,96.0,6,73.1,90.1,7,1,76.5
0.4,1,2,1,25.0,1,31.1,40.4,11,1,27.4
120.2,4,4,1,21.4,1,99.6,85.9,19,4,59.2
48.9,0,2,1,25.0,2,17.0,23.9,6,0,21.5
102.6,2,6,1,45.5,3,55.1,88.7,18,5,49.6
48.4,2,11,1,20.0,1,20.8,55.4,14,1,25.1
101.1,3,5,6,152.5,2,78.4,71.6,15,4,63.3
210.1,3,4,4,102.6,7,85.8,91.7,9,3,95.3
123.4,3,4,1,21.0,3,79.8,95.0,16,1,67.1
34.0,1,3,1,25.0,0,35.2,16.9,18,0,17.6
84.8,2,8,1,20.0,2,39.5,47.9,21,3,31.5
6.0,1,2,0,0.0,1,30.3,43.1,8,1,20.2
158.0,6,7,3,78.3,3,91.9,79.1,14,2,75.4
143.1,6,6,3,82.9,9,99.6,76.6,13,4,83.9
188.7,8,9,6,149.4,7,91.6,97.6,10,2,97.3
254.4,6,6,6,150.6,3,96.7,81.7,21,2,86.6
105.6,2,4,4,97.4,2,69.0,57.0,15,4,57.0
255.6,7,7,3,82.3,3,100.0,91.6,19,0,86.5
33.6,0,2,0,0.0,0,8.2,33.6,11,0,8.9
75.9,1,5,3,60.0,1,39.1,68.5,8,1,34.9
126.9,5,7,4,99.8,3,83.7,68.7,15,4,74.7
189.2,5,7,5,127.7,9,80.2,90.0,14,4,92.5
83.1,4,6,3,79.7,5,69.5,67.4,16,4,64.7
114.4,3,4,4,105.0,3,78.4,71.4,9,4,68.6
266.1,4,5,9,227.1,11,84.0,86.6,11,2,99.9
109.4,2,3,6,146.9,6,80.5,55.0,12,2,77.0
233.1,9,9,8,202.3,8,97.0,92.2,18,4,100.0
110.7,4,4,3,72.1,4,98.7,58.5,0,2,76.4
239.4,5,5,6,149.0,6,100.0,83.4,16,4,98.1
31.7,5,7,0,13.0,1,50.5,14.6,21,6,26.4
66.4,1,6,2,40.0,0,36.9,62.7,21,3,28.9
269.1,7,7,5,124.5,5,100.0,82.6,9,4,100.0
170.9,7,7,1,53.5,10,100.0,78.5,10,6,91.1
105.1,4,5,4,102.3,2,82.8,86.8,18,1,65.5
189.4,4,5,6,146.8,4,81.4,84.7,15,2,95.4
82.2,0,3,3,82.8,4,19.2,70.9,12,6,43.8
183.6,3,4,1,21.1,2,77.7,71.7,7,1,65.8
141.6,3,7,0,-4.2,3,67.6,73.8,13,4,49.9
166.5,2,4,11,280.8,5,68.0,82.3,11,0,80.2
36.7,1,6,0,0.0,0,26.5,65.5,13,6,16.9
0.3,0,2,0,0.0,0,2.7,18.8,8,5,0.6
229.4,3,4,2,48.8,7,89.2,71.8,16,1,81.3
12.0,4,11,1,20.0,1,21.6,54.1,20,1,18.3
108.3,2,7,7,172.1,5,52.9,85.9,11,4,66.8
130.1,5,6,5,129.8,4,91.5,61.4,9,0,81.0
236.9,9,9,3,77.9,6,100.0,84.2,2,0,97.0
153.2,5,5,6,152.5,5,100.0,77.9,4,2,87.9
192.9,4,5,5,130.7,9,91.2,96.6,9,4,95.4
161.3,3,3,3,72.5,2,100.0,90.6,16,0,79.2
27.3,1,10,0,0.0,0,16.5,35.5,17,2,14.4
379.0,6,7,11,276.3,9,91.6,89.8,14,3,94.3
95.0,3,3,5,128.3,2,91.8,71.6,13,4,72.8
0.0,1,5,0,13.0,2,22.0,47.5,8,5,15.8
92.7,5,6,1,29.9,3,83.3,77.5,10,5,62.3
87.0,5,7,2,45.1,8,75.0,68.1,12,3,65.6
184.6,7,8,6,157.4,7,97.3,82.6,11,2,99.1
59.9,2,5,0,0.0,2,45.6,64.7,14,1,36.6
162.7,3,4,12,295.0,6,86.4,75.5,11,3,92.2
16.6,3,9,0,13.0,2,34.2,46.4,18,5,26.2
0.0,3,10,2,40.0,2,15.0,59.3,11,3,27.9
58.3,2,5,2,40.0,1,41.5,39.2,13,0,35.2
67.9,3,11,3,60.0,2,35.6,33.4,10,3,37.7
20.2,2,3,0,0.0,0,46.4,34.0,8,0,22.3
103.0,4,6,5,125.0,7,71.5,68.8,22,3,73.5
206.0,4,6,2,46.1,10,78.8,81.4,14,4,82.7
53.0,1,10,1,20.0,0,21.1,20.1,9,2,21.9
216.5,6,7,5,122.4,12,85.2,92.2,23,1,97.7
177.1,4,6,5,127.6,3,77.7,61.1,18,2,81.9
57.4,2,5,0,0.0,0,48.2,33.8,12,0,30.5
194.6,4,4,5,127.5,5,98.9,86.8,8,0,94.2
141.3,3,3,1,28.8,7,100.0,54.4,14,4,80.0
195.6,5,6,8,206.5,8,95.3,98.0,15,1,97.5
170.3,6,8,5,129.0,8,85.0,80.8,8,5,88.8
208.2,9,9,7,179.1,8,100.0,94.8,15,1,100.0
239.5,9,9,6,156.2,8,99.4,92.5,8,0,97.1
153.2,3,3,6,147.1,5,98.6,63.9,15,1,91.5
26.3,2,7,0,0.0,2,17.0,41.4,11,5,25.7
141.0,5,6,6,151.9,4,89.1,71.3,9,3,83.5
76.5,4,5,6,157.8,8,74.6,88.4,9,4,74.8
80.5,6,7,0,3.0,8,74.0,61.6,14,1,56.9
6.3,0,2,0,0.0,1,7.1,20.9,12,5,6.4
141.8,7,7,2,46.3,1,100.0,73.2,7,0,67.9
93.7,4,4,1,20.3,4,88.3,73.2,9,4,62.6
108.5,5,5,2,45.7,4,94.8,85.0,17,4,68.6
14.9,0,1,2,50.0,0,1.2,18.1,18,0,12.0
39.9,1,1,0,0.0,1,78.3,42.1,12,3,40.9
123.2,6,6,2,53.6,5,100.0,71.4,9,0,76.4
215.6,6,7,4,100.2,1,94.2,61.2,8,3,77.6
166.3,5,5,1,21.1,3,100.0,61.5,9,4,76.4
227.0,3,4,3,80.8,12,85.8,92.3,8,1,83.8
123.7,7,9,9,234.3,7,93.7,82.8,12,4,83.2
196.7,2,4,2,58.0,14,69.2,71.8,16,1,77.9
96.1,5,5,6,145.8,3,96.5,66.6,14,2,77.2
91.3,6,6,4,104.8,7,82.3,51.4,7,3,76.8
117.0,5,7,6,153.3,0,81.7,63.6,13,1,63.7
3.3,2,11,0,13.0,1,8.8,29.7,11,5,14.4
187.8,8,9,5,129.5,6,93.3,86.2,11,3,100.0
88.6,1,3,1,28.3,2,45.3,85.4,4,1,37.7
99.5,6,6,3,75.2,4,94.3,89.6,14,4,74.3
213.5,8,9,9,230.5,9,97.6,71.9,14,2,100.0
121.1,3,3,4,98.6,2,100.0,69.9,10,2,75.9
164.4,6,6,10,248.8,3,100.0,82.7,14,1,85.0
122.7,7,8,4,115.8,4,91.6,95.5,11,6,80.2
238.1,5,5,6,149.8,6,100.0,85.4,17,1,100.0
34.8,2,5,0,13.0,2,37.9,33.4,12,6,28.9
14.6,2,5,2,40.0,2,32.8,31.1,13,3,25.3
131.9,3,4,3,77.7,1,79.8,67.5,9,4,63.8
80.9,2,5,3,71.8,5,51.1,65.7,15,2,55.9
27.0,1,8,1,20.0,2,18.5,49.8,17,4,17.8
90.3,2,3,5,124.2,3,68.1,85.6,15,0,69.3
132.0,6,9,4,118.4,4,89.3,86.3,14,5,81.8
133.1,2,3,3,78.2,5,74.3,88.1,5,0,68.7
142.4,5,6,4,97.7,5,92.7,78.6,5,3,81.1
23.3,1,1,1,25.0,2,64.6,9.5,9,1,42.4
154.2,3,5,6,145.2,2,75.9,61.8,8,3,64.2
124.2,5,11,2,40.0,1,64.1,42.7,15,4,53.2
154.8,9,9,7,180.2,7,100.0,94.0,19,1,91.1
0.0,2,11,0,0.0,0,21.0,56.4,11,4,12.0
19.9,1,6,0,13.0,0,18.7,33.6,14,5,10.7
288.5,3,4,7,171.7,7,85.0,78.9,13,2,90.4
140.2,6,7,3,76.5,4,93.4,54.4,9,4,74.3
71.7,3,4,2,66.4,2,69.9,69.4,5,5,50.7
57.9,5,9,0,0.0,0,48.1,26.8,9,4,39.4
141.2,3,3,3,79.3,4,100.0,73.6,11,2,76.9
102.8,4,5,6,152.0,2,80.7,68.1,3,4,65.6
255.1,5,6,6,145.4,3,85.8,82.2,13,0,89.0
1.8,0,1,1,25.0,1,0.7,58.7,8,0,11.0
15.0,0,1,0,0.0,0,7.1,23.9,15,2,4.5
173.0,3,4,4,95.7,3,82.3,79.4,10,0,78.3
117.9,6,6,2,53.6,3,96.5,93.6,9,0,80.2
108.6,1,10,2,40.0,2,34.8,45.6,11,0,40.4
243.8,7,9,4,95.1,3,92.3,74.5,16,2,82.3
129.4,2,3,8,198.3,5,87.8,80.8,8,1,75.1
231.0,4,5,7,175.7,7,85.0,86.7,10,2,98.3
128.8,2,3,2,54.0,5,81.1,57.1,15,0,64.5
204.5,6,6,3,76.7,8,100.0,90.4,13,3,96.9
124.3,4,6,2,54.5,6,80.6,63.3,13,3,66.6
68.8,1,1,2,50.0,1,85.6,25.3,13,2,52.3
134.0,3,4,6,146.1,3,83.6,93.1,15,3,72.2
136.5,7,9,4,110.6,5,90.2,94.4,14,5,84.9
6.8,1,2,0,0.0,0,37.1,37.3,17,2,19.3
145.9,2,3,3,75.8,3,84.0,78.4,9,1,75.2
21.6,2,10,0,13.0,1,22.9,33.3,8,5,17.9
71.4,3,3,3,81.9,6,92.8,73.5,14,5,72.9
35.3,1,6,2,40.0,0,20.5,47.7,14,0,20.4
102.7,6,7,2,49.1,1,84.9,77.0,6,2,59.1
130.2,7,7,5,124.2,6,100.0,95.8,8,1,90.0
222.8,4,4,3,77.0,5,95.1,65.0,10,4,89.5
116.8,5,6,3,72.3,3,84.4,67.9,10,1,67.6
75.5,2,7,0,0.0,0,41.8,47.6,13,4,29.3
1.7,1,3,0,0.0,0,29.7,43.3,21,4,9.3
5.6,3,8,1,26.0,1,29.9,33.3,15,5,21.5
115.7,1,5,4,80.0,0,48.6,55.3,9,0,49.3
42.5,1,8,1,20.0,3,22.4,61.4,16,2,29.6
101.6,2,6,2,40.0,0,45.4,48.6,9,1,37.1
213.8,4,4,3,71.2,3,99.5,58.7,22,3,78.0
170.5,3,4,5,126.2,1,88.4,67.8,16,0,74.7
54.8,4,7,1,28.3,6,54.5,65.1,17,3,56.9
219.2,1,5,7,171.4,7,56.2,83.1,11,0,78.2
24.1,1,2,0,0.0,0,39.0,43.2,10,2,23.8
7.6,1,2,1,25.0,0,23.2,55.5,16,0,22.2
105.6,2,3,3,79.3,1,77.2,84.2,7,2,51.9
128.0,5,5,2,52.8,3,99.9,56.5,8,4,67.6
129.7,1,3,3,72.7,5,64.0,54.4,16,4,64.7
128.3,4,5,1,24.3,3,94.3,69.4,10,1,64.6
30.3,3,10,2,40.0,0,25.8,25.2,15,3,26.8
68.2,5,7,3,70.8,6,62.1,81.0,10,3,64.1
224.3,6,7,9,232.8,6,86.7,100.0,12,4,100.0
14.4,0,1,2,50.0,0,1.3,38.3,11,1,17.3
87.4,4,6,2,46.7,2,61.5,52.2,10,2,50.5
202.3,4,6,5,134.3,5,78.3,82.1,6,0,87.7
150.8,6,6,4,98.7,0,100.0,78.5,14,4,78.7
64.5,2,4,1,26.0,4,53.1,75.0,9,1,46.8
104.6,2,3,4,104.1,3,72.0,69.5,11,4,63.8
175.5,4,4,3,80.0,3,98.8,63.3,9,1,84.9
178.5,3,4,3,72.0,3,85.4,87.0,11,0,79.0
162.4,3,4,4,99.8,4,86.1,75.7,20,4,76.2
169.8,7,9,8,196.3,2,90.0,89.4,11,2,85.9
76.5,6,7,2,62.2,4,82.3,81.4,7,6,57.8
254.5,6,6,5,125.1,7,100.0,81.6,7,0,100.0
75.8,4,4,3,74.7,7,80.7,94.9,11,4,76.3
157.2,6,7,4,103.4,4,86.3,93.6,14,4,88.6
188.4,3,5,10,245.5,9,77.8,83.8,18,0,87.1
53.0,3,3,4,98.9,4,81.7,69.3,11,3,64.0
147.7,4,4,6,151.2,2,100.0,52.5,17,3,82.9
235.2,6,7,10,254.1,8,89.1,87.2,10,3,90.7
176.7,6,6,7,177.4,6,100.0,88.4,17,2,100.0
166.7,0,4,5,128.9,3,44.3,56.0,12,3,65.0
104.7,3,8,1,20.0,1,52.8,41.2,10,2,41.7
130.1,3,3,3,72.3,5,100.0,90.1,12,3,78.7
207.5,9,9,1,54.8,7,99.9,80.2,15,5,90.5
98.0,4,5,3,76.2,5,87.0,72.3,16,2,68.4
257.3,9,9,5,134.0,9,100.0,81.2,10,4,97.1
104.2,4,5,3,82.0,2,80.7,61.5,14,5,66.0
262.6,7,7,3,76.7,10,96.1,91.5,15,4,95.0
136.7,7,9,6,149.6,4,90.9,84.9,9,1,79.4
0.8,1,2,0,0.0,1,31.7,28.4,10,2,13.1
16.2,0,2,0,0.0,0,0.4,19.1,10,2,8.4
144.7,4,7,3,78.7,4,70.8,50.9,11,2,72.4
188.1,4,4,6,150.2,6,100.0,91.1,13,2,97.1
226.6,7,7,4,108.6,12,99.1,94.9,9,2,100.0
204.8,9,9,7,184.9,6,95.1,100.0,8,4,100.0
271.5,5,6,5,126.6,10,88.8,86.6,18,0,94.5
145.5,1,4,1,29.7,4,55.5,69.3,13,3,52.3
153.0,4,5,3,70.4,5,91.4,71.4,16,0,77.0
158.8,6,7,4,108.0,6,91.6,91.4,13,3,90.0
220.8,4,4,6,155.2,7,94.1,85.5,9,1,100.0
38.8,0,11,3,60.0,2,12.6,70.0,11,1,31.6
111.2,3,5,2,51.9,4,72.1,64.6,8,2,57.6
102.9,3,6,2,46.6,2,63.1,71.8,6,0,47.8
222.5,3,4,6,154.1,7,83.7,94.3,14,2,91.9
198.2,3,4,5,123.6,4,83.9,84.8,10,1,91.1
53.3,3,11,2,40.0,1,36.0,28.3,5,1,27.1
53.4,4,7,6,149.3,2,58.5,70.6,8,1,52.8
67.8,2,6,1,20.0,1,47.0,38.7,11,3,32.2
185.1,4,6,5,120.3,11,79.0,86.3,15,1,97.2
19.5,2,3,1,25.0,0,43.1,60.0,7,0,28.2
120.1,3,4,3,71.5,6,90.0,53.5,16,4,72.6
55.5,1,6,2,40.0,1,26.3,54.3,15,1,33.5
38.6,4,6,1,31.1,2,57.4,62.1,6,5,39.0
149.3,6,7,2,48.0,3,86.5,87.3,8,1,74.6
130.8,4,7,6,146.8,8,75.1,60.3,18,0,79.6
75.2,1,3,8,199.2,1,47.5,63.2,10,4,50.4
173.6,4,5,5,129.9,5,96.2,72.5,7,0,87.7
159.3,3,5,4,102.8,9,73.2,70.5,11,4,80.5
6.5,1,2,0,0.0,1,29.4,36.4,10,6,15.9
214.4,9,9,5,121.3,6,96.1,79.7,9,1,100.0
266.4,4,5,6,159.2,10,94.4,91.5,15,0,93.0
111.8,5,5,1,29.2,3,89.2,62.4,11,3,65.7
112.5,3,4,2,53.5,6,83.2,51.6,1,3,68.0
232.3,6,6,9,226.8,6,100.0,93.6,11,1,100.0
174.1,4,5,2,48.9,3,90.9,86.2,11,3,78.7
160.4,3,4,6,149.3,2,75.6,68.6,16,1,77.2
30.0,7,7,3,71.6,3,72.6,72.5,16,0,54.9
146.2,2,3,3,71.3,5,80.9,60.1,6,3,68.9
160.1,4,4,1,26.3,4,99.4,68.5,23,3,77.5
143.4,5,5,5,128.5,5,95.8,100.0,15,2,91.7
73.2,3,4,8,197.1,3,63.9,56.5,12,3,64.7
267.2,4,5,5,126.1,6,86.3,95.4,13,3,92.1
90.5,1,10,1,20.0,0,35.3,48.5,20,2,25.7
243.8,4,5,6,153.6,3,85.5,100.0,17,0,92.0
175.7,6,7,5,120.5,6,90.0,92.4,15,1,97.3
157.7,5,7,3,79.7,5,82.6,81.2,16,2,80.6
122.7,7,9,6,154.4,6,85.5,83.8,9,1,87.6
198.6,5,7,0,-0.8,4,87.2,84.8,11,4,75.4
180.5,2,4,5,130.8,8,70.3,94.2,9,1,92.4
162.3,4,5,4,99.5,3,93.4,76.9,18,2,77.5
78.5,7,7,2,49.9,5,91.8,71.3,17,3,66.5
139.5,4,7,5,122.4,5,69.8,67.3,10,1,74.2
172.3,3,3,3,75.3,2,97.4,52.0,9,1,80.5
104.1,6,6,1,28.3,6,97.7,69.3,18,4,70.9
98.1,1,3,2,53.8,2,52.7,68.8,14,2,52.5
97.7,2,3,3,72.6,2,69.4,81.1,13,1,58.6
183.1,4,5,7,175.3,2,90.9,80.2,9,4,80.8
123.6,4,4,5,124.6,5,97.5,69.9,15,4,87.7
158.4,4,5,6,154.2,2,94.2,81.4,7,2,79.4
125.9,8,8,3,97.8,4,100.0,75.9,18,6,80.1
197.0,8,8,7,176.3,5,100.0,71.3,14,1,93.7
111.6,4,5,3,76.4,5,86.8,86.4,14,0,74.1
85.7,3,7,0,0.0,0,45.2,31.4,8,1,31.0
259.4,6,7,5,122.5,5,82.6,82.2,15,2,99.4
50.5,4,5,3,81.7,4,67.8,48.1,14,5,56.3
74.4,7,7,2,52.3,7,85.8,76.0,15,4,74.3
107.1,7,7,6,150.1,11,98.4,87.9,11,4,85.1
34.3,6,7,3,78.5,5,59.5,63.1,19,1,54.2
114.6,4,5,6,147.6,5,86.1,68.8,10,0,72.0
107.5,6,7,1,23.9,3,87.9,77.7,11,0,61.1
15.8,0,1,1,25.0,1,7.7,11.7,7,3,4.6
236.9,7,8,8,200.6,4,83.9,75.6,12,4,97.5
185.1,7,7,8,202.5,6,100.0,70.8,8,0,95.2
59.5,3,8,1,26.0,0,36.9,49.3,9,5,33.1
136.0,7,8,6,148.2,4,91.2,75.4,14,2,84.6
64.4,3,4,3,73.2,5,65.6,56.2,4,4,54.0
8.0,1,2,0,0.0,0,28.3,42.2,19,4,14.7
195.7,5,5,4,105.1,10,99.2,89.7,14,3,98.0
6.3,1,2,1,25.0,1,23.2,24.3,8,3,23.6
68.3,4,7,3,79.0,2,56.1,68.8,12,1,53.9
133.6,2,3,3,75.7,12,83.6,91.1,13,0,75.5
151.2,4,4,5,123.2,1,100.0,56.4,19,2,76.4
21.5,5,7,5,127.6,1,52.3,48.0,15,5,48.5
131.0,5,7,3,71.2,4,84.7,65.0,12,1,77.2
99.2,4,4,3,73.9,4,91.7,50.1,9,2,72.4
81.8,4,6,2,66.6,8,64.6,65.7,10,5,61.3
2.8,2,3,2,50.0,2,42.5,24.9,12,2,34.0
69.6,3,3,1,51.2,2,87.7,63.2,8,6,54.9
87.0,2,3,4,97.8,3,72.0,57.1,11,4,59.8
140.3,2,5,3,74.8,2,63.8,80.6,10,3,62.2
210.8,8,8,3,77.1,4,96.1,94.4,14,1,85.9
111.0,3,3,4,96.7,2,99.6,59.0,7,3,63.7
272.3,4,4,5,128.2,6,95.9,80.8,10,0,98.6
38.3,1,6,2,40.0,1,21.4,40.1,9,4,23.5
87.2,4,10,1,20.0,0,54.9,42.1,13,2,29.3
109.3,4,4,2,45.8,3,100.0,51.4,9,4,64.9
31.4,2,5,0,0.0,0,34.2,46.7,10,2,17.7
296.7,3,4,9,222.2,6,84.0,74.5,7,0,91.0
186.5,7,7,6,150.6,5,100.0,77.9,10,3,99.1
85.1,7,7,2,54.6,4,85.1,63.7,15,0,60.3
63.1,3,7,0,0.0,0,48.7,65.8,11,0,30.7
282.5,8,9,6,156.9,7,93.7,91.3,15,0,97.9
8.4,3,10,0,13.0,2,20.2,50.6,9,6,25.6
123.0,6,7,1,24.6,6,84.2,52.8,16,1,71.4
276.9,7,7,2,50.6,7,96.6,76.3,5,4,90.7
64.5,3,8,0,0.0,0,47.6,41.0,6,3,23.3
126.0,5,5,2,47.8,6,100.0,77.2,11,1,77.9
165.9,5,5,9,226.8,7,100.0,81.3,19,2,91.1
43.5,1,5,0,0.0,2,20.7,59.8,20,6,23.5
47.5,2,2,0,0.0,0,78.1,37.5,9,1,38.3
93.9,4,6,1,48.8,2,74.5,88.4,18,6,57.7
151.4,4,6,2,45.8,3,82.8,60.3,15,3,69.5
23.6,1,9,2,40.0,1,18.2,41.3,15,3,22.4
17.7,1,2,2,50.0,1,39.6,50.3,10,1,34.0
9.1,2,2,1,25.0,1,63.0,38.0,7,3,30.5
189.8,4,4,5,122.7,4,100.0,97.2,10,3,94.1
251.0,9,9,5,129.6,7,100.0,95.8,6,0,100.0
135.9,3,7,1,20.0,0,61.5,50.8,16,3,47.0
130.3,4,6,5,125.8,2,84.8,73.7,10,0,69.3
74.8,0,8,2,40.0,0,21.1,62.6,10,3,27.7
156.9,5,7,3,77.3,1,76.2,64.5,15,3,68.3
145.8,7,8,1,35.1,8,94.9,83.9,9,5,84.3
8.4,0,1,1,25.0,1,2.6,26.8,10,2,10.0
79.0,2,4,1,51.5,0,55.0,76.9,10,6,50.4
186.1,7,9,7,178.2,6,90.0,98.6,8,4,93.7
94.3,5,5,3,71.8,4,82.4,67.9,4,1,65.2
205.6,7,7,5,128.3,10,100.0,82.9,16,3,96.2
154.9,3,4,1,22.1,1,84.7,73.9,9,0,65.1
55.0,3,3,2,50.8,4,76.8,65.9,12,4,57.4
1.7,0,1,0,0.0,0,5.2,39.0,17,5,9.3
178.8,5,6,1,29.3,3,97.9,47.0,15,0,72.5
188.0,2,4,1,21.4,5,77.1,69.6,10,1,65.8
34.8,1,2,0,0.0,1,41.4,45.0,10,0,23.8
33.7,2,7,0,0.0,1,33.0,32.4,9,0,24.7
65.0,3,3,6,148.9,4,84.3,76.5,17,0,76.1
58.7,3,11,4,80.0,0,32.2,70.0,14,0,41.0
231.4,9,9,6,146.5,6,100.0,85.0,7,3,95.6
148.5,2,3,2,47.4,4,79.6,52.8,14,3,73.6
264.6,7,8,7,174.3,7,91.2,80.5,9,0,99.1
160.1,4,7,5,120.3,9,76.1,85.8,21,3,85.8
177.2,6,7,2,52.1,4,100.0,70.3,13,0,77.9
71.0,7,7,6,145.3,3,82.8,91.6,16,1,75.3
17.1,1,5,1,20.0,2,10.9,59.1,10,0,27.5
147.1,2,4,4,96.2,5,77.8,75.1,9,3,70.1
56.0,5,7,4,97.1,5,64.0,76.7,9,3,66.4
17.2,4,7,1,26.0,1,41.7,59.7,14,6,36.0
36.7,8,10,0,0.0,1,56.4,44.8,14,4,38.1
67.0,3,3,4,112.7,3,81.8,65.7,16,6,61.2
152.3,3,4,1,30.0,6,95.4,70.9,13,2,73.6
53.5,3,9,4,80.0,3,41.1,10.2,11,2,40.1
247.7,9,9,2,47.9,13,100.0,84.5,15,3,91.2
123.1,3,5,7,178.6,6,81.6,68.9,20,0,73.4
7.3,0,3,2,50.0,1,10.7,32.2,15,0,18.2
59.2,3,7,0,0.0,0,45.7,66.5,16,5,31.2
12.1,2,2,0,16.2,1,64.0,39.9,14,6,31.7
7.7,1,2,0,0.0,1,36.0,35.9,10,1,16.2
150.6,4,6,5,122.7,9,79.4,62.1,10,3,85.2
242.5,2,4,6,147.5,9,68.3,80.8,16,4,94.3
24.1,4,7,1,31.2,3,39.4,57.4,19,6,33.5
119.6,6,7,4,97.5,4,89.4,83.6,9,1,84.6
8.3,1,7,1,26.0,0,13.4,70.0,17,6,14.4
116.2,5,5,3,78.0,3,100.0,80.0,14,1,75.5
88.1,0,8,2,40.0,0,27.7,53.4,2,1,25.3
153.7,6,7,4,97.0,4,92.8,64.7,17,3,84.7
129.2,3,5,1,21.4,3,73.9,78.5,10,3,58.4
42.2,2,9,2,40.0,0,25.2,60.6,17,4,26.1
65.5,4,9,0,0.0,2,38.9,39.7,17,3,35.7
165.4,4,4,8,197.3,3,100.0,93.8,12,3,89.0
131.0,4,7,1,27.4,5,76.3,71.3,13,4,63.5
119.5,3,3,1,21.4,4,97.9,72.7,10,3,68.5
2.2,0,1,2,50.0,0,4.8,27.1,8,0,12.1
81.7,1,8,1,20.0,0,37.2,40.6,14,3,22.8
141.0,2,3,8,202.1,4,91.7,64.5,9,1,72.6
185.9,8,9,5,124.0,12,87.2,91.3,11,4,93.3
170.2,4,4,3,73.8,5,95.1,90.6,9,0,87.9
85.2,8,8,3,84.3,9,88.7,99.7,7,5,75.4
113.1,2,3,3,77.7,5,78.9,63.5,1,1,64.5
218.1,3,4,8,204.2,10,87.3,87.9,19,1,86.9
114.2,4,6,0,-4.9,3,78.5,64.7,7,3,53.4
171.0,6,6,7,170.9,5,96.5,89.2,11,3,96.6
143.7,5,6,5,125.7,3,90.8,54.2,16,1,76.0
232.8,3,4,2,54.9,8,85.3,100.0,10,2,88.9
75.9,4,6,0,0.0,0,66.0,30.6,10,1,42.7
40.6,1,7,1,26.0,1,26.4,30.8,17,6,15.8
103.8,3,7,5,128.2,5,52.9,90.9,9,0,69.2
92.8,1,10,1,20.0,0,39.5,68.3,10,3,32.3
256.5,6,7,8,209.8,9,92.3,86.2,16,2,97.0
220.7,5,5,8,204.5,3,95.3,84.5,20,1,94.5
98.2,3,4,1,38.9,5,71.1,89.2,15,6,67.5
36.7,2,10,2,40.0,2,26.7,37.4,14,1,27.8
152.0,1,3,5,124.7,2,60.6,76.1,9,0,61.2
38.9,0,3,2,50.4,0,16.2,70.7,11,2,22.1
150.0,4,7,1,20.8,4,70.6,63.2,9,0,70.7
135.8,2,3,5,121.1,1,82.8,48.1,15,1,71.1
118.2,2,6,2,67.5,2,59.3,68.6,17,5,59.1
140.8,8,9,6,150.7,5,95.4,77.0,13,3,89.5
41.5,2,8,1,20.0,0,25.2,63.5,17,2,25.1
211.7,7,8,2,55.9,3,96.9,95.1,18,1,83.1
249.0,8,9,7,179.3,10,99.1,78.3,22,1,93.4
33.9,3,11,1,20.0,0,26.4,67.6,15,3,28.1
220.0,5,5,4,103.9,8,100.0,78.1,8,3,87.8
150.0,5,5,8,206.7,7,100.0,95.0,10,2,94.1
156.4,1,3,4,102.7,3,54.2,61.0,16,4,63.8
163.1,7,8,3,96.0,5,87.4,71.6,11,6,88.5
198.3,9,9,6,150.6,4,100.0,83.7,8,4,92.6
134.9,2,5,6,150.0,2,67.8,68.6,11,2,60.1
144.3,7,8,3,80.2,9,98.1,89.2,14,6,88.4
55.7,1,6,0,0.0,1,27.1,41.6,10,1,24.5
141.7,3,3,3,72.1,5,92.1,47.9,15,3,77.5
139.0,2,4,3,79.2,5,66.1,75.1,7,1,67.9
36.8,3,11,0,13.0,0,27.7,34.1,17,5,24.1
116.0,6,6,5,123.2,6,96.8,73.8,8,3,86.6
239.8,6,6,5,125.5,4,97.0,96.9,14,1,91.8
197.0,7,9,7,175.9,6,87.8,81.2,10,1,97.0
232.9,7,7,3,80.3,9,100.0,94.5,14,4,99.0
72.5,2,9,1,20.0,0,42.1,59.6,17,0,25.6
98.4,6,6,2,52.7,3,94.8,57.8,18,2,63.4
200.1,4,5,4,98.9,3,90.6,67.9,9,1,86.8
76.7,3,5,2,47.6,3,66.6,62.4,9,2,49.5
117.7,7,8,4,115.4,5,93.8,80.9,18,6,78.8
147.2,4,9,1,20.0,1,68.3,70.0,18,1,52.8
149.8,5,6,6,147.8,8,89.6,65.0,11,4,91.4
161.9,3,4,4,99.0,4,86.6,74.5,11,2,83.0
31.5,1,1,0,0.0,1,69.6,40.6,17,1,31.9
165.2,4,7,1,26.3,2,63.9,59.8,16,1,62.0
185.7,7,8,3,83.0,3,92.3,92.6,10,3,87.3
105.8,6,8,7,191.9,3,82.0,71.5,11,5,66.7
82.6,4,5,3,72.8,7,76.2,75.4,9,0,69.8
134.6,5,6,4,96.4,5,90.9,78.4,14,3,83.0
15.3,0,3,0,0.0,0,0.7,24.7,13,4,5.5
176.0,5,6,11,279.6,4,79.6,88.5,13,2,91.6
300.4,6,8,7,175.6,2,80.6,77.1,5,2,81.2
183.3,4,5,4,107.8,6,84.5,83.7,16,1,91.4
118.4,4,4,2,47.8,3,96.5,72.5,19,4,68.9
207.7,5,7,6,151.0,10,82.7,79.9,15,4,94.9
209.0,8,8,11,279.1,5,99.5,89.2,10,1,99.8
215.2,6,8,6,147.8,3,85.8,75.7,18,4,82.1
3.3,1,2,0,0.0,2,28.1,26.4,6,3,21.5
13.7,1,1,0,0.0,0,65.6,23.7,16,1,25.2
140.7,5,7,8,202.8,2,82.1,82.6,14,2,74.1
148.8,6,7,6,146.0,14,89.3,90.6,21,0,85.2
115.7,6,6,2,50.8,10,100.0,84.5,9,1,78.5
279.4,7,7,5,129.8,6,98.0,91.8,9,1,100.0
115.2,5,7,3,79.6,6,81.7,62.9,9,5,74.4
9.9,1,2,1,25.0,1,39.4,43.2,16,4,27.6
33.7,1,1,1,25.0,0,78.9,16.5,9,2,33.9
172.0,6,6,1,20.7,2,94.2,68.9,12,4,72.3
174.2,4,5,6,151.2,4,81.3,90.3,10,2,87.5
153.7,6,6,4,104.7,2,100.0,66.3,10,2,83.3
71.7,4,4,2,62.6,3,84.6,53.5,18,6,57.9
213.6,2,3,3,70.3,6,81.5,63.1,10,2,84.3
307.6,6,7,8,207.6,10,94.1,88.5,12,3,99.4
215.6,6,7,6,146.8,2,86.7,66.7,14,1,82.5
129.3,2,4,6,151.3,5,65.4,64.1,14,1,70.0
55.9,2,10,0,0.0,2,29.8,61.6,18,4,26.2
89.5,4,6,1,28.0,2,74.8,74.0,16,4,54.1
160.8,5,7,8,204.8,6,85.6,69.1,8,3,87.5
223.1,3,3,2,46.7,7,100.0,73.5,13,1,84.8
70.5,3,7,2,40.0,0,49.6,34.1,10,1,34.3
218.2,8,8,5,130.4,6,100.0,81.6,12,0,100.0
51.2,2,11,3,60.0,0,28.0,41.9,15,4,30.6
74.7,4,10,1,20.0,1,49.8,46.1,11,4,41.3
5.9,0,2,0,0.0,0,5.4,5.0,16,4,0.6
144.6,3,5,6,150.7,4,81.4,62.6,11,4,76.1
76.5,1,8,3,60.0,1,31.4,14.5,7,2,28.8
151.6,5,5,6,151.1,5,100.0,53.7,15,4,90.9
55.0,4,4,2,54.1,3,77.6,58.3,16,1,59.5
181.3,7,7,4,98.0,4,97.7,80.4,10,3,91.5
60.0,1,5,4,80.0,0,33.8,17.3,11,4,31.0
209.5,6,7,2,59.5,10,98.0,79.0,21,0,83.6
196.4,3,4,10,248.0,8,84.0,95.2,9,2,96.2
96.3,2,7,5,124.1,3,50.4,56.9,11,1,56.8
63.0,4,10,0,0.0,1,32.5,36.3,10,4,35.9
112.0,4,6,6,150.9,1,77.1,54.1,13,1,58.2
259.8,6,6,6,156.9,7,99.7,81.5,21,2,100.0
134.8,5,7,6,151.2,8,80.9,68.4,11,4,85.0
11.3,0,1,1,25.0,0,13.2,32.2,16,0,3.8
0.8,1,1,0,0.0,0,58.5,47.9,5,2,27.7
273.2,4,4,7,184.1,2,95.7,82.2,10,4,84.9
164.4,3,4,6,153.8,7,86.6,78.2,9,1,87.9
161.8,7,7,6,153.3,11,97.7,77.6,12,3,100.0
88.1,4,5,4,104.2,5,82.6,80.7,8,4,69.1
224.0,6,6,2,59.5,5,100.0,75.7,8,2,86.0
118.1,6,7,2,49.7,2,89.6,61.3,10,4,62.7
15.4,2,2,1,25.0,0,69.0,29.5,16,4,31.8
203.4,3,4,7,178.9,4,84.2,93.3,16,4,93.6
132.1,7,7,2,46.6,2,100.0,75.8,16,4,69.2
116.4,4,5,3,74.0,2,81.6,64.5,20,1,60.9
152.8,3,4,2,68.7,4,82.3,89.2,10,5,79.3
154.0,3,4,7,177.7,4,88.2,57.1,22,2,77.2
66.0,5,5,3,71.4,4,83.9,79.8,13,4,65.6
242.1,5,6,6,154.3,8,82.9,83.6,21,1,100.0
153.9,3,6,1,20.9,4,74.3,78.9,14,0,62.8
55.7,1,5,3,60.0,1,32.0,55.4,12,4,34.6
104.9,5,5,2,70.1,7,96.0,89.8,7,5,73.3
153.2,3,3,3,78.6,5,98.5,69.2,11,0,85.5
55.9,6,11,0,0.0,1,56.4,38.0,16,1,37.0
53.1,5,7,0,18.1,2,57.9,81.3,18,6,44.3
69.8,1,2,0,0.0,0,56.4,45.2,12,0,30.3
93.6,6,7,3,100.7,7,88.9,89.4,2,5,75.1
87.1,4,6,6,153.8,2,66.7,57.1,0,0,56.0
46.8,3,5,2,66.4,5,51.7,69.4,8,6,51.2
206.7,3,4,1,25.4,3,84.1,60.4,9,3,68.4
175.2,4,7,3,77.6,2,74.5,88.1,11,4,74.3
242.4,4,4,5,128.4,11,95.4,84.2,11,2,100.0
96.6,6,6,8,204.8,1,88.1,86.9,9,0,70.2
211.4,3,4,3,81.1,7,85.3,95.8,10,2,92.0
217.0,4,6,6,145.2,8,81.0,97.9,19,0,94.6
29.6,1,8,1,20.0,2,19.1,15.7,15,4,19.9
69.6,3,4,5,123.6,1,66.7,68.3,14,3,57.0
50.9,3,7,0,0.0,0,41.6,39.2,15,3,27.4
28.3,2,2,1,25.0,1,79.2,51.2,9,4,37.7
169.2,4,6,3,73.4,4,72.3,58.0,11,0,78.5
122.9,5,7,3,77.7,5,78.0,55.7,7,3,71.3
146.8,2,6,2,50.4,7,59.3,80.9,15,4,67.5
1.1,1,3,0,0.0,1,25.3,60.0,7,1,17.2
133.4,2,4,3,71.2,4,75.1,51.4,12,0,66.5
140.8,5,6,4,104.8,1,78.1,62.4,9,2,73.2
3.6,1,3,0,0.0,0,24.3,47.1,10,1,9.9
150.5,3,3,1,30.0,4,100.0,71.6,8,2,74.9
138.0,6,6,4,101.4,3,89.8,80.7,14,3,82.1
49.5,2,3,0,0.0,0,54.1,5.2,15,3,26.2
216.4,7,7,5,129.6,10,96.9,93.7,14,4,100.0
67.2,4,8,1,20.0,0,58.1,70.0,15,3,38.0
225.1,5,5,5,129.6,7,100.0,88.9,15,4,100.0
52.5,5,5,1,24.6,2,79.1,62.4,11,3,54.1
14.5,1,1,0,0.0,1,61.6,49.4,12,0,32.6
80.9,3,8,0,0.0,2,48.2,19.7,8,0,32.0
180.3,4,4,4,101.6,7,100.0,81.1,10,3,98.7
256.2,7,9,11,279.4,8,88.1,82.4,17,2,97.7
9.4,0,3,0,0.0,1,5.3,20.6,18,3,6.8
105.7,5,6,2,54.6,5,87.8,56.2,16,2,63.3
90.0,1,2,0,0.0,1,56.5,35.4,16,4,35.9
51.5,3,4,2,45.0,5,63.5,81.6,7,1,52.8
211.5,9,9,4,104.4,13,98.6,89.3,19,4,97.3
161.2,4,6,5,120.9,6,84.2,72.2,10,0,87.1
52.5,3,5,0,0.0,2,57.9,50.4,16,2,30.0
148.6,2,3,1,27.6,4,85.0,63.4,16,4,64.1
66.1,4,7,0,13.0,0,61.6,43.1,10,5,39.0
77.7,2,3,1,46.6,4,66.9,46.9,8,5,47.6
222.3,4,6,8,205.9,4,77.7,84.1,18,0,87.7
268.9,3,4,7,175.5,11,90.2,73.0,15,3,94.5
80.7,3,4,4,99.0,3,68.7,59.1,16,2,61.5
101.8,5,6,2,52.4,4,86.3,51.0,8,4,62.1
3.2,1,1,0,0.0,0,61.6,10.7,14,4,23.6
174.5,4,4,6,145.5,4,100.0,73.4,15,0,88.8
125.2,6,7,8,195.7,3,92.6,58.6,9,1,72.9
72.8,1,3,1,34.8,5,47.9,68.2,7,6,49.1
110.2,4,7,4,97.9,2,75.0,81.1,17,1,58.0
82.8,2,11,1,20.0,0,46.3,60.1,14,3,28.2
90.2,4,10,0,0.0,1,56.4,24.1,14,4,38.5
116.1,4,10,4,80.0,2,63.1,36.0,14,4,56.8
132.9,3,7,3,79.2,3,63.5,61.1,13,1,58.6
3.5,0,1,0,0.0,1,0.0,41.7,13,0,8.6
246.8,8,9,9,221.7,5,91.3,89.1,7,0,94.9
154.9,3,5,4,99.3,3,74.5,63.7,10,0,75.9
179.3,6,7,5,123.2,9,90.1,82.0,12,3,97.5
258.9,9,9,5,127.4,14,93.8,92.7,13,3,100.0
242.5,4,5,5,133.9,10,88.2,75.7,16,0,94.2
133.4,3,3,0,2.4,2,100.0,64.9,17,4,63.1
78.5,1,3,1,25.0,1,47.1,13.4,14,4,31.0
185.9,4,4,6,146.7,6,98.4,69.5,16,4,99.3
158.9,4,6,5,128.7,1,79.7,61.6,8,4,71.4
156.0,3,3,2,54.1,2,100.0,66.1,11,1,70.9
58.7,2,3,1,51.1,3,56.0,75.3,14,6,46.3
108.1,5,6,3,77.9,11,87.4,56.3,10,4,73.2
190.1,8,8,8,206.9,10,97.0,79.4,16,3,94.2
123.1,4,6,8,199.9,4,78.5,69.9,8,1,75.9
140.7,2,6,3,74.1,5,58.7,46.6,14,2,60.5
56.0,3,6,0,0.0,1,52.6,58.4,16,0,33.3
259.2,4,5,5,123.8,12,84.7,82.5,14,3,100.0
165.4,6,7,4,104.1,2,86.2,54.1,13,3,75.6
180.1,5,5,6,148.7,10,100.0,84.4,14,4,100.0
154.8,5,7,5,126.5,8,75.6,56.2,6,3,80.9
66.9,3,5,0,15.3,2,65.4,82.4,17,5,43.9
154.6,2,4,2,52.6,4,70.7,86.0,15,0,73.3
236.9,4,5,3,78.8,4,87.8,63.5,19,2,75.9
82.7,2,3,6,150.2,3,65.9,57.7,11,1,64.5
220.3,5,6,6,147.9,8,91.4,71.9,13,2,93.7
29.3,1,5,0,13.0,1,17.2,57.5,5,5,22.2
60.9,2,5,6,153.0,4,45.2,58.9,14,4,51.4
161.7,3,7,1,26.6,4,71.3,40.0,15,2,61.8
152.1,4,7,5,122.2,2,78.0,95.0,16,4,72.2
167.7,3,4,5,129.9,3,85.0,67.1,14,4,77.5
142.4,2,4,8,199.4,7,72.8,83.8,17,2,83.1
59.8,5,6,4,102.0,2,75.1,49.0,18,3,54.2
47.3,3,9,1,20.0,0,41.0,39.7,17,2,25.3
28.1,2,9,0,0.0,0,25.5,36.6,9,4,15.3
323.2,8,9,2,56.6,7,92.7,92.2,10,2,89.8
152.6,5,5,6,151.4,7,98.3,91.8,8,2,90.1
129.3,6,7,4,101.0,1,89.3,75.9,10,4,73.1
114.8,5,7,2,46.6,7,80.0,71.6,10,3,71.3
14.9,2,3,0,0.0,2,42.3,21.9,15,1,33.3
39.8,1,1,0,0.0,1,71.7,5.0,16,3,34.2
151.6,5,7,3,75.4,4,81.9,67.1,13,4,71.5
27.3,3,10,0,13.0,0,22.5,40.3,13,5,19.5
114.2,3,3,2,46.0,5,94.7,74.4,15,1,74.9
122.2,3,3,3,77.2,9,100.0,72.1,16,3,81.7
169.1,1,4,3,83.8,10,58.1,87.8,12,1,77.7
75.5,1,5,0,0.0,3,34.5,40.0,17,3,32.8
130.4,3,4,4,103.4,4,82.6,75.2,12,3,70.5
12.3,1,1,2,50.0,0,59.9,30.2,15,2,37.0
217.8,7,7,5,124.9,8,97.2,83.0,12,4,95.4
238.8,6,6,7,175.4,4,100.0,89.6,11,3,98.5
58.3,2,3,3,79.5,3,59.9,71.8,14,2,50.9
201.6,6,6,4,95.4,3,94.0,93.8,8,2,88.8
141.5,3,4,2,49.9,4,90.6,74.7,15,2,72.8
68.8,3,5,1,31.7,4,67.7,61.3,4,5,49.0
184.1,3,5,5,120.7,3,70.8,72.2,18,0,73.7
251.3,3,5,9,231.7,5,78.0,90.6,19,3,89.0
10.6,0,1,0,0.0,0,0.0,18.0,10,3,6.9
70.1,2,8,0,0.0,0,31.2,68.7,0,4,27.7
102.5,2,4,4,96.4,5,66.3,72.8,17,1,63.3
16.5,1,2,0,0.0,0,33.3,32.9,13,2,15.4
176.2,4,6,1,25.2,3,80.0,93.5,11,4,70.5
85.6,7,8,6,146.3,12,78.5,94.9,8,3,79.4
69.0,2,7,0,0.0,0,38.9,49.9,11,4,29.6
78.1,2,4,5,128.8,1,55.2,88.7,13,0,54.1
80.7,5,6,3,75.3,7,70.1,67.2,16,0,74.8
7.3,0,1,1,25.0,1,0.0,20.9,14,1,12.4
31.4,1,2,0,0.0,0,45.3,21.1,12,4,19.6
293.5,6,7,9,220.0,7,88.7,86.1,13,4,97.2
169.1,6,7,3,74.7,2,86.2,75.9,8,4,79.6
160.7,2,3,2,54.9,3,75.6,79.2,14,3,71.0
193.7,4,4,2,65.0,10,97.3,84.1,12,6,92.6
145.6,6,7,2,49.8,3,89.5,69.5,13,1,72.9
182.6,1,3,4,100.4,7,60.3,88.1,8,3,79.6
38.5,2,7,0,0.0,1,35.3,50.0,13,0,25.2
146.2,9,9,5,130.3,9,100.0,100.0,16,1,90.2
177.4,7,7,9,221.2,8,92.4,83.0,5,0,99.3
57.0,1,8,1,20.0,1,28.9,32.0,14,0,25.0
92.6,4,5,1,21.4,6,77.1,66.6,3,2,61.6
184.8,9,9,7,178.2,8,100.0,88.4,14,1,99.7
85.8,3,4,3,72.4,3,73.5,69.0,12,2,63.0
74.3,3,7,1,20.0,0,47.2,44.2,1,1,33.9
129.4,5,5,3,71.0,4,97.7,80.9,11,3,75.1
82.4,3,3,3,99.4,2,89.1,65.1,8,5,57.8
6.8,0,5,2,40.0,0,0.0,45.5,16,1,14.0
14.5,2,3,0,0.0,1,36.4,60.0,16,0,29.0
12.8,2,3,1,25.0,0,38.9,36.2,9,4,25.4
131.7,3,8,1,20.0,0,56.4,35.6,10,2,43.8
69.8,4,5,5,126.2,2,68.7,64.3,21,2,58.6
157.8,3,5,2,50.1,2,73.6,79.6,11,4,67.1
68.0,2,2,2,50.0,0,80.0,27.0,21,1,41.4
90.7,2,6,0,0.0,0,48.1,48.8,11,1,31.0
182.3,7,7,8,196.5,3,96.3,98.4,18,0,82.8
54.3,7,7,2,52.1,9,73.6,57.4,14,2,60.0
10.8,2,3,0,0.0,0,40.7,60.0,16,4,23.4
26.3,2,11,0,13.0,2,19.5,66.3,16,5,27.9
135.1,3,7,4,101.3,3,66.3,75.7,10,2,59.0
143.2,3,3,1,28.9,1,100.0,85.1,11,4,64.2
334.7,8,8,9,220.3,6,95.4,94.2,2,0,97.9
163.0,1,3,5,122.5,3,56.1,42.8,9,3,68.3
40.2,1,7,1,26.0,1,20.8,70.0,16,5,27.8
57.7,6,10,0,0.0,1,58.7,46.7,16,4,33.7
243.2,7,7,5,130.7,5,97.5,92.0,15,0,96.1
288.1,7,8,3,77.9,9,97.2,100.0,14,4,97.7
261.8,4,4,9,231.4,4,100.0,71.1,17,1,93.6
87.3,7,7,1,47.6,5,83.0,72.4,7,5,65.3
106.7,6,7,0,19.1,3,86.8,65.7,7,5,61.7
28.6,2,9,3,60.0,0,22.4,23.3,12,1,27.8
210.9,9,9,9,222.8,6,100.0,82.1,14,4,96.3
265.6,6,9,5,128.0,6,77.3,86.2,16,2,91.4
7.3,0,1,0,16.2,2,11.5,41.6,17,6,14.1
281.0,7,8,4,104.4,8,96.4,74.6,14,1,95.6
184.3,8,8,12,309.3,5,99.6,100.0,12,1,98.1
224.2,5,6,8,208.3,11,86.6,80.6,5,2,95.3
137.9,3,3,1,24.2,6,100.0,82.6,1,3,80.3
138.2,1,5,4,100.5,2,44.9,60.9,13,3,55.4
72.5,2,3,6,148.5,6,63.1,69.8,9,0,66.8
89.3,6,7,4,99.5,3,83.6,65.3,16,4,65.7
19.2,1,3,0,0.0,1,24.6,30.6,15,0,17.3
27.4,2,6,1,39.0,3,27.9,48.8,8,5,30.6
152.3,4,7,4,98.5,5,65.3,66.4,19,1,75.7
132.1,6,7,3,71.3,4,90.5,78.8,7,4,76.5
139.2,6,6,5,126.5,4,95.8,73.9,7,0,77.6
284.9,7,8,8,208.7,8,96.6,86.0,11,4,99.4
100.9,4,6,5,120.1,4,69.0,64.7,10,3,75.2
169.6,4,6,7,170.0,2,77.1,66.2,11,0,79.7
118.5,3,11,0,0.0,3,61.3,31.8,8,3,40.4
133.9,3,5,1,26.9,3,78.4,64.2,19,1,61.6
97.1,3,5,5,127.2,5,62.6,67.0,20,1,65.2
210.0,5,6,2,50.2,4,92.9,66.4,8,0,79.5
227.7,6,6,3,83.9,8,99.4,79.9,11,4,100.0
161.7,5,5,2,63.5,7,89.2,75.5,16,6,89.5
77.6,3,3,4,100.2,1,87.0,69.8,8,1,57.1
208.8,3,4,3,77.9,5,92.5,88.0,16,0,83.9
76.2,5,5,4,101.9,1,85.7,80.1,16,1,70.6
63.3,2,3,6,150.0,2,57.6,81.6,9,1,61.1
111.8,6,7,4,102.8,1,92.1,64.6,12,0,68.2
178.6,8,8,2,69.8,12,97.2,88.0,11,5,93.0
109.8,3,6,3,79.9,4,66.0,95.0,17,2,65.6
51.2,4,11,1,20.0,0,41.4,23.5,10,3,31.7
62.4,2,3,2,49.2,0,68.2,65.1,13,3,39.6
194.7,3,5,2,46.6,1,81.8,68.7,14,1,65.3
140.7,3,3,2,52.9,3,100.0,70.9,7,4,72.3
4.2,6,10,0,0.0,3,45.5,37.4,11,2,36.6
85.0,4,7,3,95.8,3,62.3,72.8,17,6,60.4
73.4,7,7,6,145.8,3,83.0,59.9,18,1,65.9
222.3,7,7,6,148.3,8,99.7,81.5,15,4,100.0
41.0,2,11,0,0.0,1,22.5,57.4,11,3,23.6
81.8,3,3,1,21.1,4,87.2,91.3,8,3,58.6
80.1,3,10,0,0.0,1,37.1,70.0,21,1,30.5
127.8,6,6,7,199.6,6,97.8,88.9,16,5,90.3
76.4,8,9,7,172.8,6,75.6,90.9,8,1,76.4
10.3,1,3,1,25.0,0,21.0,35.2,14,4,16.6
64.6,3,10,1,20.0,2,44.0,37.9,18,0,33.0
89.0,5,7,4,95.9,1,68.3,69.0,10,0,58.9
104.2,4,11,0,0.0,2,49.3,68.3,17,4,46.5
216.4,3,3,3,76.3,3,91.9,90.9,12,2,84.1
218.2,4,4,4,110.0,12,97.0,82.6,18,3,97.3
168.6,8,9,5,121.1,6,100.0,93.1,8,4,92.6
195.3,8,8,3,76.0,4,100.0,88.4,11,3,94.9
196.9,5,5,6,152.0,9,94.7,80.6,10,3,100.0
161.9,4,6,4,98.9,4,80.1,70.0,13,3,74.9
229.4,6,7,7,179.2,4,83.8,86.2,11,2,92.4
139.6,4,7,5,122.3,4,74.3,69.2,8,2,74.5
90.0,2,2,1,25.0,0,93.3,35.4,16,4,48.9
0.0,0,9,1,20.0,1,0.0,51.3,16,3,10.9
146.5,5,7,2,51.1,6,83.5,97.7,10,3,83.9
244.7,4,4,5,127.4,9,100.0,94.3,8,4,100.0
299.1,9,9,6,155.5,9,100.0,100.0,15,1,100.0
66.9,4,9,2,40.0,0,46.3,49.1,16,2,34.4
164.0,6,7,3,80.8,9,91.3,87.0,13,2,82.7
221.3,7,7,10,259.3,5,99.2,81.6,8,0,96.4
233.6,5,6,6,145.6,11,88.4,87.4,15,0,97.0
0.0,1,6,1,20.0,0,11.2,31.6,13,4,8.6
173.8,8,9,3,70.3,5,94.5,85.3,23,2,79.4
212.3,5,5,8,208.5,9,98.5,65.5,19,2,92.3
159.1,3,3,5,127.7,3,100.0,80.4,9,3,88.5
156.2,6,7,0,3.2,1,87.2,64.1,7,0,59.6
126.3,4,5,0,-3.3,3,87.5,68.0,10,4,62.1
27.0,4,6,1,48.3,1,44.8,73.3,11,6,42.3
129.9,2,4,5,120.9,2,72.5,60.5,11,1,65.3
45.7,1,7,1,20.0,0,22.3,46.9,19,4,18.9
54.2,2,11,0,13.0,1,27.3,57.7,16,5,27.2
135.1,2,3,3,75.2,6,84.0,68.3,11,2,76.7
80.2,2,3,1,48.2,2,68.3,82.6,9,6,50.0
93.6,7,7,3,73.4,1,97.0,78.8,19,2,60.6
234.0,8,8,5,123.6,8,100.0,97.3,11,1,100.0
75.0,3,5,0,-1.2,0,51.9,68.3,17,4,32.2
137.9,7,7,1,23.1,1,100.0,65.3,11,4,73.6
130.0,2,3,0,0.7,3,78.8,80.6,14,3,57.7
239.3,3,5,3,76.3,3,78.6,91.2,21,2,78.5
224.6,6,7,3,76.3,10,90.8,95.8,0,2,92.3
37.3,5,7,4,97.1,0,52.0,80.1,8,3,46.7
109.3,4,5,1,33.2,7,80.2,76.7,12,6,68.3
0.8,0,1,0,0.0,1,1.3,19.7,15,0,6.1
50.3,2,7,0,0.0,0,40.0,57.3,18,3,25.5
75.4,3,3,5,123.2,4,81.5,61.6,16,0,73.7
172.8,7,8,4,100.0,13,87.4,84.0,9,2,97.1
23.9,0,2,0,0.0,0,9.6,39.7,10,4,12.4
235.8,3,4,6,149.8,5,89.0,85.0,20,1,86.6
44.5,3,3,1,30.6,3,79.8,88.7,8,5,45.4
110.3,6,6,5,133.9,6,94.7,96.5,9,3,88.4
76.5,2,8,2,40.0,0,39.0,31.2,13,1,28.4
107.3,4,4,4,102.7,3,95.8,68.1,13,2,72.7
242.2,7,9,11,277.8,13,84.9,86.9,14,4,100.0
215.2,7,9,9,234.5,6,76.6,93.1,9,3,98.6
176.0,8,9,5,125.8,3,96.7,90.5,11,2,91.0
240.5,3,4,5,127.6,9,85.4,85.9,14,2,95.5
238.8,6,8,6,148.6,13,78.9,72.4,1,3,89.3
151.3,3,3,6,152.9,2,99.8,69.8,9,0,82.8
11.5,1,2,0,0.0,0,34.2,19.1,8,2,13.3
37.5,2,6,1,20.0,0,29.5,36.0,9,4,21.8
186.4,3,4,8,199.8,9,86.0,91.2,9,2,86.4
78.9,2,3,3,79.8,3,71.5,70.6,8,5,52.3
62.7,2,5,5,127.9,3,42.0,72.9,16,0,52.1
63.1,1,5,0,0.0,1,31.6,69.6,7,2,25.4
136.3,3,3,2,47.9,2,91.3,95.0,17,0,71.0
7.7,2,3,0,16.2,2,35.4,57.0,12,6,31.6
94.3,5,6,2,53.7,3,81.1,40.0,10,0,58.8
177.5,4,5,4,102.6,1,89.1,66.3,15,3,83.6
267.1,6,6,4,107.2,5,97.8,93.8,10,2,95.5
169.1,7,7,2,47.6,4,94.3,80.4,0,0,79.0
90.0,0,2,0,0.0,0,25.0,31.7,9,3,23.9
162.7,4,4,0,-4.6,6,99.7,61.8,14,2,81.2
331.6,4,4,6,155.2,5,100.0,81.9,17,4,98.3
214.0,8,8,3,83.1,4,97.4,79.7,8,1,89.9
200.2,7,7,3,72.7,4,97.9,81.1,0,1,89.8
97.0,5,7,3,77.1,8,76.0,85.8,9,2,71.5
35.6,2,3,5,132.8,4,54.1,71.8,20,5,55.8
214.4,3,5,5,122.2,7,71.1,88.6,8,4,92.4
5.3,1,1,1,25.0,0,62.7,24.2,9,0,30.1
173.6,6,6,4,101.8,4,100.0,85.3,9,2,89.7
83.5,2,3,2,63.3,4,68.2,71.6,16,5,61.5
197.9,5,5,8,208.4,9,100.0,97.1,12,1,99.1
51.4,3,3,8,201.7,4,71.7,69.2,10,1,64.3
85.4,3,5,4,101.9,3,65.1,69.7,15,1,60.9
84.8,3,3,1,48.5,4,91.0,78.7,11,6,58.8
106.3,5,7,4,99.5,2,77.1,75.9,13,3,69.8
126.1,4,7,3,74.0,2,73.5,64.8,7,0,54.4
206.2,7,7,10,253.3,6,100.0,93.3,11,3,100.0
171.8,6,7,4,101.2,1,86.4,78.4,11,2,76.1
251.6,9,9,7,174.8,2,100.0,90.6,9,0,90.7
88.9,4,5,3,78.9,5,79.5,78.5,19,1,64.5
241.4,6,8,6,152.3,10,82.5,82.6,10,0,98.2
181.5,3,4,4,104.2,7,80.2,81.9,16,1,92.1
250.1,8,8,12,308.2,8,97.7,99.4,6,1,100.0
59.0,1,9,0,0.0,1,26.7,43.6,20,4,18.3
95.3,5,6,0,14.8,1,80.6,95.0,5,5,55.3
251.6,5,6,5,128.4,3,96.9,87.1,9,1,89.5
4.5,3,3,0,0.0,0,57.4,35.0,16,6,30.3
111.3,3,5,3,77.6,5,73.9,84.2,14,1,69.2
132.3,3,3,3,73.0,1,98.2,81.6,7,1,69.6
68.6,5,7,3,72.0,3,63.1,87.1,12,2,59.4
33.0,1,11,0,0.0,0,11.8,22.8,18,2,10.1
90.3,5,11,2,40.0,1,58.3,60.8,14,3,46.5
3.6,2,3,2,50.0,0,41.7,41.0,13,2,24.4
230.1,5,7,10,252.8,7,77.1,84.5,16,0,93.3
218.1,6,6,4,104.0,7,100.0,88.0,18,4,99.3
168.7,6,6,6,152.6,7,96.6,78.9,15,4,98.4
96.4,3,7,5,127.1,3,62.1,69.4,7,2,53.5
14.8,0,3,0,0.0,0,6.3,57.8,17,2,6.9
90.7,3,7,5,126.4,5,57.8,83.1,14,3,69.4
146.5,6,6,7,175.3,9,100.0,91.4,11,3,97.3
81.9,6,7,2,47.2,3,80.2,76.2,15,4,63.2
146.3,4,5,1,52.2,4,88.9,76.8,12,6,76.6
67.2,2,11,0,0.0,1,32.9,38.4,13,4,27.8
55.5,3,5,4,100.6,4,60.0,80.5,9,3,60.6
143.2,5,6,3,76.7,7,91.9,91.0,1,4,87.5
162.2,7,8,5,129.5,4,93.4,85.2,14,3,87.8
125.0,6,6,5,129.2,4,100.0,82.7,10,2,79.7
146.0,5,6,3,79.3,3,89.1,64.8,9,1,72.8
9.9,1,2,0,0.0,0,34.1,30.6,17,6,17.3
69.1,0,8,1,20.0,2,25.2,36.5,16,4,25.7
180.7,1,3,5,122.6,1,64.1,58.9,19,1,70.2
182.0,7,8,3,81.9,5,89.6,96.8,16,3,92.9
34.5,4,11,0,13.0,0,36.3,50.1,8,5,25.9
179.0,4,4,6,153.4,0,100.0,46.9,6,0,81.4
51.4,2,5,0,0.0,2,39.9,33.0,9,0,28.1
39.9,1,10,1,20.0,2,20.7,33.7,13,4,19.7
42.0,3,11,0,0.0,2,23.2,31.5,11,0,27.8
127.5,6,7,3,72.3,5,88.6,91.0,15,0,86.0
137.9,4,4,0,-0.5,2,99.6,92.9,14,3,70.3
249.0,6,6,6,151.1,6,100.0,71.9,17,4,100.0
58.8,4,5,3,80.3,3,65.7,60.1,14,6,51.4
208.1,4,5,4,107.3,9,93.1,95.6,23,2,94.5
95.3,3,5,4,98.2,6,71.6,72.2,11,3,68.2
121.5,4,4,5,120.1,2,100.0,65.1,14,3,76.5
261.5,5,5,8,204.5,10,100.0,77.3,14,4,100.0
170.6,5,5,3,74.9,8,100.0,76.9,15,4,88.3
121.1,1,3,4,97.1,2,57.9,65.7,17,3,56.6
36.5,1,2,0,0.0,0,42.7,55.4,9,0,20.7
257.9,5,5,10,246.3,11,93.7,96.4,13,3,98.8
97.8,3,6,1,24.6,1,58.8,85.8,11,4,45.4
59.6,0,8,0,0.0,2,21.6,41.4,2,1,21.7
188.7,5,5,6,152.2,3,100.0,51.9,11,3,85.2
126.5,4,7,8,195.4,1,79.2,86.2,10,0,68.5
121.4,3,3,4,96.5,2,97.5,53.8,16,4,72.1
173.3,3,4,6,158.6,6,83.7,77.5,12,2,90.6
43.9,5,5,6,151.2,3,72.0,62.7,11,3,62.0
214.6,5,6,3,76.9,4,92.1,100.0,8,2,85.4
158.3,4,5,4,97.3,4,92.4,52.6,10,4,80.4
157.1,4,5,12,301.3,7,91.1,77.5,17,1,93.6
70.7,5,5,3,77.7,5,85.8,82.5,7,2,69.8
63.9,2,3,0,0.0,0,60.7,60.0,15,3,33.8
93.7,4,7,2,51.5,3,63.1,66.3,11,4,57.2
117.8,4,4,1,53.5,7,99.1,80.3,14,6,80.6
70.3,3,9,2,40.0,3,42.1,58.0,15,0,42.4
91.5,3,3,5,128.5,5,97.3,84.9,5,0,81.4
194.5,9,9,9,220.4,7,97.9,82.3,18,4,96.1
106.2,3,5,2,51.0,2,69.9,68.0,14,4,58.4
1.6,1,2,0,0.0,0,39.2,37.8,10,2,21.5
57.1,5,7,3,82.0,4,60.9,80.6,17,6,58.9
140.1,5,5,4,96.5,3,100.0,71.7,6,4,79.3
21.1,1,3,0,0.0,0,30.6,29.6,14,4,15.3
105.4,2,3,2,46.8,2,70.9,52.0,17,2,53.7
69.1,0,6,0,0.0,1,21.4,37.7,21,0,18.1
140.0,4,6,8,195.8,3,84.0,72.2,19,4,76.5
160.2,2,6,5,126.3,1,62.0,95.0,18,0,66.2
75.5,2,6,1,20.0,0,41.7,70.0,18,0,27.0
0.5,1,2,1,25.0,0,37.8,27.9,11,2,11.8
62.8,3,10,1,20.0,1,33.9,30.1,17,2,27.2
121.7,5,6,6,152.0,4,92.3,71.7,12,4,79.5
74.3,3,3,5,128.8,3,87.7,54.7,9,4,64.1
276.9,8,8,5,130.5,10,98.4,100.0,9,0,99.5
128.5,1,4,1,29.0,6,50.9,68.3,10,3,53.9
107.1,5,10,0,0.0,0,62.6,54.0,11,1,44.8
209.9,6,6,6,145.5,9,95.7,98.1,20,0,95.3
151.6,7,7,5,124.8,2,100.0,66.0,6,4,83.2
108.6,3,7,4,102.9,5,56.9,64.1,11,3,68.0
119.7,4,5,4,96.6,8,89.4,72.0,16,4,79.3
234.5,3,4,3,70.9,9,88.2,93.7,13,1,82.1
268.0,5,5,6,152.0,5,99.5,87.2,10,3,100.0
24.1,2,2,1,25.0,1,62.7,60.0,17,2,39.5
128.5,6,6,6,158.6,6,100.0,85.1,16,0,92.6
191.0,9,9,3,75.7,6,98.7,86.2,10,4,93.0
30.6,2,3,2,50.0,2,47.9,29.9,10,4,36.8
186.2,4,5,11,274.2,14,90.6,95.0,15,0,97.9
136.2,5,6,4,99.7,3,86.7,85.2,19,1,78.5
73.1,4,11,1,20.0,0,41.6,10.0,6,0,26.6
120.8,4,5,6,168.9,8,92.6,81.2,14,6,85.3
265.1,5,6,10,248.1,5,96.2,89.9,19,0,93.2
246.6,7,8,7,172.5,5,93.2,76.6,13,2,96.0
82.0,1,3,6,148.5,3,49.0,75.1,15,2,56.9
10.1,2,3,0,0.0,0,46.9,5.0,16,1,18.4
106.4,2,6,6,150.7,0,51.9,77.2,10,0,52.4
128.7,4,4,6,152.2,3,100.0,97.7,6,4,80.3
118.8,2,9,0,0.0,0,48.1,33.2,15,0,38.5
144.5,4,5,3,76.4,6,82.5,78.7,15,3,86.9
121.4,5,5,3,79.3,3,100.0,86.5,16,0,80.8
61.0,2,3,3,82.3,5,63.2,60.2,14,6,57.4
60.0,5,7,2,51.3,5,66.0,67.7,14,0,57.6
0.1,1,2,0,0.0,0,29.6,39.4,1,1,19.5
40.5,0,2,2,50.0,2,13.6,58.2,17,1,31.7
125.0,6,6,4,95.3,0,99.3,72.5,10,0,67.6
138.5,5,5,3,99.2,10,100.0,93.4,13,5,88.3
31.7,1,2,0,0.0,0,40.5,5.0,3,5,20.6
93.0,4,5,4,100.5,3,69.3,53.9,11,0,63.8
63.2,5,7,0,17.4,6,62.3,62.8,15,5,57.2
114.8,7,7,3,75.7,4,88.5,85.2,7,1,70.1
69.8,2,8,0,0.0,1,35.1,56.1,10,2,35.2
60.0,7,7,9,222.2,8,79.4,92.1,9,3,74.6
75.3,6,7,2,65.7,2,74.4,59.3,14,5,64.5
4.5,0,1,1,25.0,0,2.8,60.0,17,1,11.6
153.3,3,6,5,125.6,2,65.5,85.8,18,0,69.2
233.0,6,7,9,224.3,6,90.0,87.3,16,1,100.0
310.2,6,7,7,178.5,7,88.0,74.9,7,3,92.4
76.3,7,7,5,125.4,0,87.7,62.7,18,0,61.9
30.0,4,5,7,177.3,1,51.1,54.4,18,0,50.7
159.1,3,7,3,78.2,5,66.1,76.8,12,0,71.4
16.7,0,1,1,25.0,0,3.5,48.7,10,2,10.8
111.4,4,4,4,103.7,4,100.0,80.4,14,2,80.2
104.9,4,9,3,60.0,0,62.6,45.0,11,2,45.7
171.6,7,9,4,111.3,10,89.5,97.6,7,6,94.0
93.1,2,4,3,74.5,1,63.3,71.1,18,0,50.6
198.5,8,8,9,221.1,9,96.6,92.3,8,2,99.2
0.0,2,6,0,0.0,1,24.4,46.4,0,4,13.1
288.0,7,7,2,47.2,8,100.0,87.3,15,1,87.0
87.8,5,7,1,30.6,6,72.8,77.7,12,5,64.9
48.5,2,5,0,0.0,1,37.5,41.7,14,6,28.2
64.6,2,8,0,0.0,1,40.8,42.5,14,2,30.0
3.2,1,8,1,20.0,1,11.3,52.0,1,2,14.1
147.3,8,8,3,81.9,14,100.0,72.9,10,4,86.3
205.1,8,8,6,148.5,3,100.0,91.5,10,4,98.2
94.2,1,3,4,101.5,3,47.1,47.0,10,4,53.3
125.1,5,6,4,103.7,10,92.2,79.9,13,1,80.2
63.9,3,9,0,0.0,2,40.1,57.4,12,0,35.5
128.1,1,3,4,97.4,2,58.6,66.3,23,3,55.0
74.1,4,9,0,0.0,1,49.0,37.5,8,1,27.6
192.8,2,3,5,123.3,2,87.7,70.2,13,4,75.2
110.8,4,5,4,98.3,6,82.7,61.9,14,3,75.7
59.7,2,7,0,0.0,1,38.8,32.1,15,2,26.7
188.7,5,6,4,103.0,7,88.6,79.8,1,2,92.8
14.8,0,2,2,50.0,1,11.1,11.2,15,1,19.3
151.6,4,4,6,148.5,1,100.0,64.1,16,4,80.3
25.1,1,2,0,0.0,0,34.6,44.2,14,3,21.9
93.5,2,7,0,0.0,1,51.3,48.6,16,2,33.8
100.8,5,5,2,49.2,2,93.0,69.2,13,1,64.4
36.4,1,10,1,39.0,2,18.4,50.2,11,5,24.9
218.7,5,5,5,125.0,9,100.0,86.2,1,4,95.7
57.9,5,5,3,77.6,3,78.9,74.9,13,1,54.4
128.0,3,4,4,102.7,2,78.3,69.2,15,1,64.9
90.6,4,10,1,20.0,0,55.5,24.1,13,3,33.5
122.2,6,7,6,155.7,4,90.8,75.5,12,0,82.2
269.7,8,8,2,59.7,7,100.0,98.9,9,4,97.9
71.7,4,4,1,25.2,3,83.2,56.5,17,3,51.7
277.8,5,5,7,181.3,11,93.9,79.2,15,4,97.3
55.9,1,3,3,96.2,0,32.9,77.0,7,5,40.2
195.6,7,7,5,133.7,5,98.2,87.8,8,3,98.0
231.6,5,5,5,123.6,9,100.0,84.7,12,3,99.3
227.5,2,4,4,99.2,10,73.3,78.0,16,4,84.2
207.7,7,7,9,228.0,8,94.7,79.4,18,1,95.9
122.0,5,5,5,122.2,4,97.1,69.9,17,0,85.3
129.3,6,7,4,96.4,2,82.5,58.6,12,1,66.6
10.2,2,6,0,13.0,0,26.9,66.7,10,5,25.3
280.1,6,8,4,108.2,4,86.3,98.3,9,3,84.4
124.1,3,7,2,49.7,4,60.1,68.7,18,1,57.6
125.4,1,4,7,180.4,9,49.1,82.2,9,3,67.5
98.6,5,7,5,128.1,4,77.5,77.0,9,3,72.9
276.0,6,7,7,176.3,5,92.2,85.7,12,3,97.6
240.7,4,6,4,107.3,5,82.7,82.7,12,2,86.0
15.3,2,2,1,25.0,1,61.3,22.0,14,3,34.3
274.1,5,5,9,228.4,6,100.0,86.3,1,2,96.5
13.0,5,9,1,26.0,2,46.4,59.8,11,5,35.1
23.4,4,4,1,33.7,2,71.5,66.8,0,5,41.9
0.0,4,10,0,13.0,2,22.1,55.4,14,6,25.1
252.9,7,8,10,248.8,7,90.5,92.4,14,1,98.2
120.4,4,5,2,51.5,4,87.3,65.2,2,2,68.2
117.3,1,3,5,122.2,3,67.1,71.5,12,3,60.0
64.6,4,7,2,40.0,1,51.1,45.5,15,0,45.8
20.4,0,1,1,25.0,0,3.3,5.0,16,4,7.6
137.2,1,5,8,199.8,3,54.7,62.4,10,2,63.2
147.7,4,5,1,46.7,6,85.5,90.2,13,5,77.5
134.2,1,3,1,20.9,4,58.9,70.9,14,0,58.1
149.9,5,7,3,77.0,5,83.5,66.6,21,0,71.9
65.3,0,6,1,20.0,2,22.1,29.6,14,0,22.7
128.9,2,4,5,122.6,3,70.3,65.4,16,0,69.0
37.7,4,8,0,0.0,0,34.7,40.7,10,2,27.4
71.3,3,4,1,47.5,3,72.6,70.7,14,5,55.9
21.4,1,3,1,25.0,0,25.2,60.0,11,4,22.9
225.1,6,9,5,122.9,5,83.9,85.4,14,4,91.0
220.5,6,7,3,71.9,5,85.6,90.7,15,3,90.5
5.6,1,2,2,50.0,1,34.3,24.5,11,1,31.9
257.4,8,9,7,175.4,2,82.5,97.6,17,4,89.7
126.0,7,8,12,300.3,8,92.8,86.3,15,2,88.4
145.8,3,5,2,52.5,2,75.7,58.6,9,2,64.2
37.3,0,5,1,20.0,0,12.4,54.8,9,0,14.8
11.6,4,11,1,20.0,4,26.3,57.7,9,1,29.0
126.8,5,7,3,72.7,4,83.7,65.0,13,1,67.0
166.3,4,7,6,150.0,1,71.9,95.0,11,4,74.9
130.0,4,5,1,48.3,4,85.7,91.4,10,5,69.1
99.7,4,7,6,145.8,5,68.5,61.6,15,0,61.5
123.7,3,3,5,122.8,7,91.9,68.1,8,4,79.2
109.1,3,4,3,72.7,12,81.0,60.5,5,1,69.9
133.4,3,7,4,99.5,5,67.2,70.8,16,0,69.7
163.7,5,5,3,75.5,0,97.1,66.3,17,2,74.6
84.2,3,3,3,78.6,0,89.9,75.5,12,3,61.1
8.7,1,1,1,25.0,0,67.4,37.5,17,4,31.2
153.1,2,3,4,103.3,5,76.0,81.7,9,4,80.9
197.6,5,6,2,55.0,8,87.9,78.5,5,4,89.3
86.1,6,7,2,63.6,4,79.3,83.9,15,6,66.0
87.1,4,7,1,20.0,2,61.5,37.6,16,3,48.0
111.2,3,4,5,133.4,8,80.8,70.0,17,3,75.9
98.9,6,7,2,47.7,5,84.2,74.9,8,4,68.0
156.6,5,6,6,153.2,5,88.6,82.4,10,2,86.2
312.4,6,6,6,148.8,4,94.1,81.3,21,4,90.5
74.5,5,7,2,66.9,5,66.4,83.5,11,5,63.6
118.3,3,5,2,47.9,4,79.0,70.8,7,1,54.2
111.5,2,6,2,50.0,2,57.3,57.4,0,0,47.3
110.1,4,6,1,20.8,2,70.2,71.2,11,4,57.6
24.3,1,1,0,0.0,0,62.9,52.0,7,1,33.5
27.8,2,5,0,0.0,2,26.3,54.1,10,3,28.7
16.4,1,3,1,25.0,0,23.5,36.3,15,0,19.9
160.8,3,4,2,50.3,5,87.8,69.7,17,4,77.8
255.4,4,5,4,97.8,6,88.2,84.5,11,4,92.5
146.5,3,4,7,172.6,1,87.1,65.4,15,2,71.7
88.3,7,7,2,46.3,5,95.1,75.6,10,3,70.7
131.0,7,7,5,147.7,7,100.0,87.3,8,6,89.1
158.1,0,5,0,0.0,1,41.0,35.7,15,3,37.6
174.7,6,6,2,53.8,9,99.2,87.1,17,0,90.6
61.9,6,6,0,-2.2,1,84.0,87.9,14,2,52.9
316.0,7,7,8,201.2,9,100.0,99.8,8,0,100.0
102.2,3,8,0,0.0,1,58.8,33.6,14,1,32.4
183.9,7,7,5,124.0,2,100.0,68.5,13,1,87.5
82.7,3,4,1,27.3,8,66.9,87.2,8,0,64.6
19.5,5,6,1,32.9,3,59.4,78.2,5,6,42.6
227.9,7,8,8,203.1,3,92.7,95.5,7,3,88.6
121.3,6,7,5,132.6,6,91.3,87.4,19,6,82.8
143.8,3,5,3,73.9,6,72.3,57.8,9,1,72.1
62.8,5,9,0,0.0,0,50.7,57.0,14,4,35.1
60.7,4,5,2,48.6,2,67.0,60.6,14,4,49.8
70.0,3,4,1,32.1,4,59.0,48.4,17,6,50.9
134.7,3,6,4,97.2,2,77.4,73.0,16,2,65.9
10.3,1,1,1,25.0,0,68.3,31.1,15,4,33.5
63.4,4,7,4,104.7,3,52.7,68.4,14,0,56.1
113.4,3,3,1,23.9,5,91.2,76.5,14,1,71.4
94.4,4,5,0,4.9,5,77.3,65.4,8,0,56.3
162.1,4,6,7,173.5,4,80.9,81.8,16,0,82.8
113.7,3,3,4,105.0,5,98.4,89.3,9,3,77.9
130.5,4,4,3,73.7,4,100.0,85.7,22,0,70.7
87.3,3,3,2,50.8,4,93.4,75.2,15,1,65.5
59.6,1,10,1,20.0,1,28.7,45.1,9,3,27.6
260.5,9,9,8,200.1,10,99.3,100.0,11,2,100.0
112.1,3,4,1,26.8,8,83.4,71.2,16,0,63.9
154.4,4,6,0,-1.6,4,81.4,67.1,12,0,66.4
138.3,3,6,3,77.1,2,66.8,84.0,7,2,63.0
142.6,8,9,5,127.3,5,89.6,82.6,6,6,89.9
60.6,3,5,4,97.8,3,51.7,84.5,8,0,55.4
155.7,5,6,0,-2.7,3,81.9,65.9,12,3,71.6
62.9,3,6,4,98.0,3,53.8,62.2,17,2,56.4
39.6,1,7,0,13.0,0,20.8,28.2,10,6,19.2
185.0,7,8,4,101.1,8,95.4,86.6,10,4,96.1
73.3,5,6,1,28.2,3,81.5,77.5,15,0,58.0
97.4,5,7,4,98.6,3,74.0,66.2,8,0,62.1
113.4,3,4,6,145.6,6,80.8,56.9,15,0,76.0
99.8,4,7,1,28.9,2,69.7,83.6,10,1,52.2
96.0,1,4,3,72.3,6,50.0,63.1,8,3,54.3
5.1,1,1,0,16.2,0,67.8,21.3,8,5,25.6
144.0,8,8,5,123.1,5,93.1,91.9,14,4,84.7
147.6,2,4,4,97.9,8,70.8,76.4,20,2,76.0
55.9,2,9,0,0.0,0,29.8,40.6,11,2,26.9
225.7,6,8,5,125.5,5,89.3,82.2,8,0,87.9
109.0,4,5,5,149.9,5,88.0,70.0,16,5,80.0
210.8,6,7,2,64.9,3,92.6,91.4,9,5,83.2
111.9,5,6,3,83.6,4,87.2,81.6,16,5,74.7
225.4,3,4,6,154.7,6,89.9,82.0,8,1,92.8
68.1,2,7,0,0.0,3,45.0,62.8,9,3,31.3
28.6,1,3,0,0.0,2,28.4,39.4,13,5,20.6
35.8,0,1,0,0.0,0,16.3,32.2,11,5,8.7
140.2,5,7,3,75.2,2,79.2,71.8,10,3,70.1
7.4,2,2,0,0.0,0,55.0,13.9,9,3,28.2
16.3,0,1,2,50.0,1,13.7,23.9,7,4,9.5
14.4,1,2,2,50.0,0,43.7,21.2,10,2,25.7
57.2,6,6,2,67.3,7,81.5,47.9,8,5,63.2
151.6,4,6,1,20.6,4,89.0,54.1,7,1,68.3
77.9,4,6,4,97.9,6,67.0,87.7,11,4,72.1
0.4,1,3,1,25.0,1,15.4,54.8,9,3,20.5
21.3,2,10,1,20.0,0,19.4,50.4,13,0,19.1
46.9,0,10,0,13.0,1,19.3,27.5,16,6,19.6
14.4,3,8,0,13.0,1,30.8,58.2,13,6,25.6
126.5,7,7,3,97.8,9,100.0,93.3,16,5,86.5
115.3,1,3,5,120.1,4,64.6,69.2,16,1,66.4
87.5,4,4,5,123.2,5,87.1,83.6,17,2,77.6
76.3,3,5,1,26.0,1,59.3,35.5,16,5,37.4
79.8,0,6,0,0.0,1,21.2,55.5,15,2,25.6
31.5,3,8,0,0.0,2,30.3,63.9,15,6,32.3
189.5,4,6,3,71.6,2,74.3,62.2,11,1,75.6
123.4,9,9,3,86.4,6,98.4,98.2,9,6,90.3
79.5,3,4,3,96.7,4,73.5,89.1,15,6,66.5
134.5,8,8,5,133.2,7,100.0,81.8,15,4,87.8
217.0,9,9,3,82.1,6,100.0,69.9,13,2,95.4
62.4,5,5,1,46.1,4,82.8,84.6,10,5,64.8
76.2,3,4,2,54.6,2,69.3,79.9,9,2,57.0
16.0,1,11,1,20.0,1,13.0,30.6,16,1,22.4
312.6,8,9,5,134.2,7,81.9,80.3,6,4,94.3
81.2,2,4,5,121.3,3,56.1,61.8,17,1,56.0
73.2,5,6,1,32.6,8,80.4,75.3,11,5,63.0
258.0,4,4,2,51.6,4,100.0,95.5,12,2,89.0
62.6,2,4,0,2.1,4,50.7,55.2,14,3,40.2
84.2,2,9,1,20.0,2,39.2,40.0,11,1,39.6
72.8,2,5,1,20.0,1,48.8,48.1,21,4,29.5
121.3,3,5,2,59.5,9,78.9,85.5,12,0,65.3
0.4,1,2,0,0.0,1,33.1,7.2,12,2,16.5
249.7,7,8,8,201.8,7,85.3,87.5,10,2,96.5
169.3,2,4,7,198.8,4,71.6,91.5,9,6,84.3
236.0,7,7,10,256.3,6,96.4,89.8,9,3,100.0
117.1,3,5,4,102.9,9,78.1,94.4,10,2,78.3
118.4,3,4,4,98.3,4,81.4,85.6,9,0,71.1
98.0,2,5,3,98.8,10,63.8,83.2,14,5,66.6
239.3,6,6,5,121.7,10,100.0,83.5,9,2,97.4
133.0,2,4,4,98.7,1,73.8,66.0,16,4,62.6
166.1,4,7,3,73.2,1,75.5,71.6,11,2,69.1
83.5,3,5,0,0.0,2,68.9,34.7,10,0,39.3
219.0,6,7,7,179.6,8,95.0,78.0,5,3,97.6
91.4,4,4,3,76.1,6,90.4,69.7,8,2,76.3
226.5,6,8,7,183.4,7,87.1,81.0,15,1,96.3
63.6,3,5,2,52.8,2,59.2,68.4,7,4,48.1
201.2,9,9,6,155.7,2,94.0,85.7,9,4,92.9
235.9,6,6,8,209.7,6,100.0,89.3,13,0,93.9
95.2,6,6,4,95.6,0,91.1,53.5,17,4,64.9
157.1,6,6,3,77.0,3,100.0,57.1,13,1,76.5
166.8,3,5,1,26.6,7,80.8,90.8,11,1,74.3
220.4,3,4,6,152.7,6,89.2,82.1,8,3,95.3
213.2,9,9,5,120.1,9,100.0,87.7,11,2,94.7
201.5,8,9,2,48.7,6,93.4,71.5,18,4,79.4
138.6,2,3,6,153.9,2,77.4,56.2,10,3,66.2
10.1,1,1,1,32.5,2,64.7,24.2,13,5,36.9
88.7,6,7,2,49.5,4,76.1,58.3,8,4,57.0
111.2,3,5,1,51.9,4,71.8,94.2,16,5,58.0
58.0,3,4,2,68.1,2,66.8,75.2,14,6,52.3
100.7,3,3,2,54.5,3,93.2,95.0,22,4,67.5
82.4,5,5,3,77.8,2,90.3,90.0,19,3,65.3
30.0,4,4,3,70.6,1,70.7,84.2,10,1,48.0
15.3,0,1,0,0.0,0,5.1,15.4,0,0,3.6
140.3,4,5,6,153.5,6,87.0,95.0,1,0,85.9
11.1,1,5,0,0.0,2,9.4,50.6,7,0,14.6
128.1,3,4,4,104.2,3,86.8,85.4,10,3,73.4
130.8,5,7,1,20.3,7,85.1,63.6,14,0,68.8
161.0,4,5,7,185.0,4,81.2,72.9,16,5,84.6
27.3,1,1,0,0.0,1,65.6,34.1,8,2,37.2
104.4,2,4,1,46.5,5,60.9,81.4,9,5,59.0
185.5,6,6,7,182.7,5,99.3,76.2,14,3,100.0
283.0,3,4,9,224.8,5,79.9,88.5,13,4,90.5
244.8,4,5,4,100.8,10,84.3,79.2,11,1,97.9
146.6,5,8,4,106.2,4,80.4,100.0,11,3,79.4
220.3,3,6,10,252.4,3,66.3,88.2,11,2,81.1
92.0,3,6,1,20.0,2,60.9,52.0,11,4,46.8
166.0,6,7,4,98.9,4,86.6,72.7,11,0,84.6
84.4,6,6,7,171.1,7,87.1,92.2,8,3,74.9
95.7,5,6,2,45.0,5,88.3,81.6,16,2,65.4
177.3,6,6,7,172.3,4,100.0,85.4,18,3,93.5
30.0,6,7,5,120.2,3,62.3,53.4,10,3,59.2
297.4,6,8,8,209.1,3,85.0,86.1,7,1,85.4
50.6,3,9,2,40.0,2,37.1,50.6,0,1,36.9
183.9,1,4,8,202.2,6,58.0,81.9,11,2,81.4
84.1,5,10,1,20.0,0,60.4,29.8,10,4,39.0
106.3,4,6,5,126.3,5,79.8,66.5,17,2,73.0
216.1,3,5,9,233.8,3,85.0,86.3,11,1,80.5
84.6,4,7,4,98.3,2,58.3,60.8,16,0,52.5
102.3,3,3,1,21.0,5,90.1,72.8,16,2,73.0
54.0,2,9,0,13.0,3,30.7,60.6,12,6,38.0
105.4,3,5,5,127.7,3,71.6,55.9,9,2,67.1
91.2,3,3,1,48.8,4,87.3,76.1,18,5,63.3
100.4,3,3,7,175.3,2,91.1,69.0,10,4,68.7
253.6,8,8,6,150.0,6,97.9,85.0,13,3,97.9
165.4,2,5,2,63.2,3,65.7,80.6,17,5,65.0
111.0,7,7,5,127.6,2,99.5,63.3,14,0,75.2
154.4,5,6,8,203.9,2,89.6,77.3,15,2,78.8
137.4,5,5,4,98.5,4,95.7,74.8,18,1,84.8
67.2,1,6,0,0.0,1,35.6,29.2,15,5,24.3
90.3,4,6,5,124.1,3,70.9,68.9,17,1,65.8
318.6,6,7,7,182.1,6,96.4,99.6,11,4,100.0
157.6,4,5,5,126.3,7,93.0,83.2,7,2,85.1
152.5,6,6,1,20.6,1,100.0,63.6,15,1,65.6
147.2,7,7,3,83.9,4,96.9,83.6,12,5,84.6
119.4,1,3,3,73.1,3,59.8,64.0,14,0,56.6
81.3,3,3,1,30.7,5,80.0,69.1,9,6,62.9
76.4,1,8,2,40.0,2,32.8,30.8,11,2,30.7
3.4,1,2,0,0.0,0,31.6,23.1,9,4,11.7
148.2,2,3,5,129.8,4,71.1,59.1,15,4,75.8
59.6,4,11,0,0.0,0,39.7,22.1,15,0,25.9
47.6,3,7,0,0.0,2,39.3,58.2,0,6,32.8
259.3,6,8,12,307.9,11,85.5,99.6,9,3,96.5
111.4,4,4,5,133.5,3,91.7,83.1,12,6,75.7
8.2,1,3,1,25.0,1,27.5,28.7,9,0,23.3
148.1,4,4,4,104.5,2,100.0,56.0,10,4,79.2
212.1,1,3,2,50.0,2,58.8,54.5,15,1,64.6
90.9,1,7,0,0.0,0,35.9,48.0,11,4,24.8
24.4,2,3,1,25.0,0,48.7,5.0,12,3,31.7
137.7,3,3,1,24.9,5,100.0,55.8,6,4,70.1
18.4,0,2,0,0.0,0,7.7,60.0,7,4,8.2
143.1,8,8,6,149.4,7,100.0,82.5,9,0,87.8
160.4,3,5,2,54.5,8,65.6,98.8,14,1,81.7
77.5,2,9,3,60.0,1,38.7,46.8,18,2,40.0
69.6,1,2,0,0.0,0,52.9,15.0,11,4,31.5
121.1,6,7,0,-4.3,8,98.6,95.0,10,3,72.5
103.8,5,6,3,85.9,5,80.1,93.8,16,6,70.7
232.6,4,5,3,79.0,6,87.6,92.8,10,4,86.3
91.9,1,7,1,20.0,0,37.6,48.0,17,0,29.5
235.0,4,4,4,102.7,2,96.5,79.9,10,4,84.2
197.1,3,4,6,145.4,6,86.7,65.0,9,0,88.9
205.5,3,7,1,22.5,6,66.7,89.4,8,1,73.6
231.1,1,4,7,183.9,10,55.7,75.4,1,4,75.7
3.2,1,1,0,0.0,2,59.0,15.3,16,0,30.5
38.5,5,6,3,75.0,4,60.7,45.5,11,4,55.2
133.5,7,8,8,196.7,8,87.6,98.4,9,4,94.7
95.6,4,5,6,151.7,2,75.9,71.9,14,3,66.9
166.3,3,7,3,73.4,5,68.0,85.1,10,1,73.1
36.4,0,1,1,25.0,0,14.4,24.4,10,3,8.7
199.9,6,8,7,182.4,10,83.1,67.8,16,1,93.0
125.5,5,6,3,74.1,4,89.4,65.0,9,4,72.9
110.2,8,8,8,207.7,6,97.9,82.0,8,4,90.7
139.1,8,9,3,79.5,11,99.1,84.5,7,2,80.5
137.2,6,6,5,146.0,8,100.0,98.2,11,5,89.8
102.2,4,7,0,-0.4,1,64.8,81.1,9,0,41.5
212.2,5,7,4,97.7,5,83.0,79.4,16,4,89.6
324.4,7,7,5,130.7,4,96.1,88.0,20,2,100.0
232.7,7,7,10,247.3,4,97.3,95.5,13,0,95.5
78.1,3,5,5,120.8,4,57.5,81.8,9,2,66.1
299.2,5,5,9,229.2,9,99.4,88.8,13,1,100.0
95.2,3,7,7,177.9,5,61.2,66.6,9,4,70.1
181.6,5,6,2,48.9,2,94.1,82.3,8,2,75.5
90.4,1,11,0,0.0,1,36.6,39.9,10,1,29.4
249.6,7,7,4,100.9,3,92.0,74.5,9,0,90.4
315.8,4,4,7,173.4,9,97.8,76.3,14,2,97.8
1.2,1,2,1,25.0,1,31.5,38.2,10,3,22.5
269.6,4,4,5,122.8,9,100.0,87.2,11,3,100.0
47.5,1,5,1,20.0,0,25.4,57.2,22,2,19.4
88.8,1,3,0,0.0,0,43.9,29.8,10,1,30.3
27.6,3,3,1,35.4,3,69.9,78.3,9,6,55.4
50.3,5,11,2,40.0,1,40.5,52.9,10,1,38.9
217.5,5,5,6,155.2,6,92.9,89.1,9,2,100.0
215.5,3,3,1,28.4,7,95.8,74.7,13,0,85.6
12.2,0,1,0,0.0,2,4.8,23.9,17,1,11.2
59.5,2,8,0,0.0,2,30.4,23.9,9,3,24.1
166.8,7,7,3,71.0,10,95.4,74.2,18,3,85.2
106.1,3,4,5,129.3,3,78.9,73.9,10,4,67.3
236.7,5,5,8,202.4,2,100.0,98.0,9,0,90.9
128.3,6,7,6,154.3,5,86.7,87.5,12,2,79.7
178.4,5,6,11,280.5,7,96.2,87.7,14,2,91.7
344.5,5,5,7,172.1,5,100.0,99.8,14,2,100.0
195.5,4,4,5,120.8,7,99.3,77.2,15,4,98.4
127.8,3,11,0,0.0,0,56.5,40.2,14,4,41.6
60.3,6,9,1,20.0,1,56.7,67.3,16,1,48.2
58.8,1,6,0,0.0,0,29.6,53.6,15,2,23.9
31.5,1,2,0,0.0,2,42.7,17.4,1,1,25.7
134.0,1,3,3,73.3,6,64.5,50.0,7,2,57.3
117.8,5,5,1,35.2,9,99.7,84.8,11,6,78.5
253.9,5,5,2,45.4,7,100.0,82.0,13,0,88.0
98.5,6,6,3,73.4,5,100.0,77.2,14,0,73.4
186.4,4,4,4,101.2,9,99.9,86.6,8,1,91.6
80.9,3,4,4,97.4,7,69.8,78.1,9,3,65.0
156.3,5,5,6,154.5,2,98.1,71.7,14,1,86.9
94.6,8,11,1,20.0,1,75.5,15.0,16,2,46.9
4.7,2,2,0,0.0,0,63.9,30.9,13,4,24.2
35.9,0,1,1,25.0,0,6.3,48.5,8,2,12.9
138.3,6,6,2,69.5,4,98.4,85.9,18,5,80.2
29.2,1,2,2,50.0,0,44.2,22.1,16,3,25.7
21.0,2,7,0,0.0,0,21.0,10.0,9,5,14.3
3.8,1,2,0,0.0,0,31.9,26.6,13,1,5.8
109.4,3,4,3,77.1,3,81.4,67.9,17,1,69.3
166.5,4,5,4,104.1,10,96.4,93.2,16,1,85.9
133.2,7,7,7,171.1,2,97.3,95.0,15,1,84.2
239.3,8,8,11,284.7,5,98.2,84.2,9,3,96.7
158.1,2,5,2,47.7,4,66.6,81.3,15,2,63.4
130.8,8,8,3,79.7,10,97.8,83.2,15,6,85.2
57.0,1,10,1,20.0,0,26.6,53.8,14,3,20.0
227.4,4,5,6,153.0,7,89.2,91.2,8,0,98.0
118.0,5,7,2,48.0,4,78.1,68.8,9,3,71.3
150.9,3,4,8,202.9,7,82.6,80.0,16,1,87.8
195.9,6,6,5,131.1,7,91.7,100.0,14,3,100.0
91.7,9,9,7,182.9,3,91.9,92.5,11,1,82.0
86.5,2,5,3,60.0,2,48.8,37.5,15,3,49.2
57.3,3,4,5,125.7,3,63.8,71.9,1,1,58.2
13.5,2,9,1,39.0,0,21.1,48.1,9,5,18.9
136.4,2,3,4,99.0,4,76.2,86.7,20,2,70.0
101.4,1,6,2,51.1,0,39.4,43.9,11,3,33.9
187.6,8,9,2,50.5,6,84.1,79.1,14,4,86.8
208.3,4,4,7,181.5,7,100.0,85.5,11,3,100.0
61.0,4,5,2,46.6,4,67.5,77.9,9,2,59.3
1.2,1,2,0,0.0,0,34.9,21.9,14,3,17.6
137.8,2,3,4,103.9,2,79.1,69.3,14,3,68.8
177.1,8,9,5,125.1,6,97.6,80.6,12,1,97.3
124.2,3,3,3,79.0,4,99.9,70.1,10,0,73.7
171.4,2,4,3,75.1,8,72.7,100.0,17,3,83.3
168.5,5,5,5,127.9,12,97.8,78.5,18,1,95.9
220.6,8,9,5,121.3,9,96.8,77.6,15,0,100.0
11.0,2,2,2,50.0,0,65.1,22.0,9,2,35.8
113.7,4,4,4,99.5,3,96.8,68.8,14,1,79.6
117.5,3,4,7,179.8,5,83.2,64.1,15,1,73.0
120.0,2,8,0,0.0,3,45.1,40.1,16,1,43.2
149.3,3,7,6,153.0,7,60.1,62.5,13,0,74.2
286.7,6,7,5,125.6,7,94.5,84.1,20,4,93.9
18.9,1,3,0,0.0,1,31.0,40.6,0,0,16.3
31.0,2,3,1,25.0,1,50.9,34.1,15,3,34.8
152.5,3,7,5,120.3,1,68.6,77.3,9,4,71.1
82.3,4,5,2,64.9,6,75.5,67.3,10,6,72.1
188.0,4,4,8,207.8,8,99.2,84.6,16,1,96.4
123.1,5,7,5,121.1,2,85.7,59.1,15,1,76.4
101.3,6,7,1,50.4,5,84.2,56.3,10,5,64.0
75.3,1,2,0,0.0,0,55.6,48.9,16,4,31.5
290.1,4,4,6,159.4,11,99.1,75.7,13,3,93.5
47.4,2,3,0,-2.4,4,56.1,58.2,14,5,40.6
22.6,1,1,0,0.0,1,69.6,24.9,10,5,34.1
150.2,4,5,2,48.6,7,94.6,79.5,7,0,78.6
59.5,3,6,4,97.5,3,48.1,60.9,14,1,57.1
139.3,5,6,8,197.5,4,97.2,73.6,11,4,88.4
183.3,3,3,6,150.4,2,93.2,74.7,10,0,86.0
94.3,1,9,2,40.0,0,42.9,42.4,14,2,29.3
129.3,3,6,3,79.8,3,69.4,67.0,11,3,67.2
107.8,7,7,3,86.4,6,93.6,85.8,13,5,80.4
185.6,4,6,7,174.6,1,75.7,60.7,15,2,73.4
21.4,1,1,0,0.0,0,67.3,46.4,11,6,31.4
156.8,5,5,6,156.5,9,98.7,74.6,9,0,88.3
33.3,1,5,0,13.0,0,24.9,38.3,11,6,20.3
111.5,4,6,7,177.4,5,72.6,63.0,9,3,74.9
117.9,3,6,4,100.6,2,63.0,70.4,17,2,61.0
172.5,5,6,4,101.6,6,88.1,62.7,22,0,87.4
298.1,6,6,5,134.7,9,100.0,93.3,7,3,98.6
127.9,6,6,6,148.7,3,100.0,63.4,11,0,81.1
151.7,4,5,4,96.1,1,92.6,78.4,9,2,68.7
15.1,1,2,0,0.0,0,31.1,37.8,15,4,24.8
150.2,5,6,4,111.0,12,83.7,79.7,11,5,91.9
222.4,7,7,5,123.9,6,100.0,94.7,11,3,100.0
173.1,9,9,6,159.4,11,100.0,77.2,8,2,97.7
290.1,8,9,5,130.9,10,96.4,74.5,17,2,94.5
283.8,4,6,10,254.3,6,78.3,79.1,19,3,87.8
11.5,2,3,0,0.0,0,49.5,32.9,15,5,22.7
151.7,2,5,2,50.6,3,62.1,72.5,14,4,62.9
66.5,6,6,4,97.1,4,82.7,67.9,16,1,68.7
237.3,7,9,10,252.5,12,83.3,91.2,15,2,98.8
237.1,6,7,8,210.0,5,86.1,84.1,23,1,87.7
7.4,2,3,0,0.0,0,41.9,50.5,11,0,25.1
161.2,3,5,5,127.2,0,75.2,80.9,11,0,70.0
141.8,4,5,5,127.3,8,88.4,93.3,12,5,81.6
119.3,6,11,0,0.0,2,71.5,62.2,22,2,54.7
46.0,3,4,0,17.0,7,60.8,77.3,14,6,55.3
109.9,3,5,3,73.5,1,68.9,81.1,8,3,59.2
3.7,1,3,1,25.0,1,25.1,26.5,8,1,14.2
43.6,4,5,3,73.5,2,66.5,74.9,16,1,48.9
120.8,6,7,3,77.8,1,89.6,47.8,15,1,62.7
10.8,1,1,1,25.0,1,65.5,27.8,15,1,35.7
140.7,4,5,3,103.4,4,86.1,84.8,4,5,79.5
12.6,1,1,0,0.0,0,64.4,60.0,14,3,33.8
68.8,3,6,1,49.1,0,58.0,74.4,8,6,37.3
126.4,5,6,4,102.2,8,91.6,63.4,9,3,78.2
119.7,5,6,5,121.3,7,89.9,65.2,14,1,84.7
57.4,1,11,1,20.0,1,27.9,56.3,15,4,26.3
0.2,2,2,0,0.0,0,57.3,52.1,10,1,35.2
89.5,7,7,4,100.5,4,88.7,46.9,8,3,71.1
206.7,3,4,6,146.3,9,87.4,92.9,12,1,91.0
203.2,3,4,9,225.7,13,87.3,90.6,10,1,97.6
79.6,6,6,6,149.1,4,83.0,58.3,17,4,69.7
82.4,5,6,2,54.9,2,81.3,70.7,11,0,59.4
80.6,3,5,6,152.2,3,64.3,61.9,9,1,59.2
90.0,5,6,3,76.3,4,78.3,60.4,20,1,64.9
37.0,1,7,1,20.0,2,24.7,52.6,11,3,24.4
138.2,4,4,4,102.5,6,99.9,81.1,9,0,88.3
34.7,0,1,1,25.0,0,13.0,26.4,11,4,11.9
123.6,5,7,5,149.0,4,81.4,93.3,10,6,82.8
222.4,7,9,4,102.7,9,85.7,100.0,9,0,95.9
244.1,5,6,9,228.2,3,89.5,79.4,15,4,92.6
77.0,2,4,2,54.0,2,55.6,64.1,13,4,44.6
60.6,4,6,1,34.0,0,61.3,55.9,15,6,36.3
171.8,1,3,1,21.0,2,63.0,83.7,16,1,58.3
229.3,5,5,1,22.2,4,100.0,83.0,17,2,77.9
166.7,7,7,11,279.0,2,100.0,78.6,11,2,88.6
98.9,7,7,3,75.6,2,98.7,65.0,11,3,65.0
239.7,3,4,5,122.4,7,86.3,84.5,13,1,90.8
91.8,6,7,3,70.4,2,88.7,73.5,9,2,59.9
234.6,5,6,6,154.4,5,85.6,65.2,11,3,92.7
73.7,0,5,1,20.0,1,17.2,26.2,11,1,21.5
82.0,3,5,0,-2.6,2,62.2,71.7,11,5,46.1
131.6,2,5,2,54.6,3,67.3,86.6,11,3,63.0
106.2,4,6,6,145.4,2,72.3,94.0,14,4,63.8
156.3,1,6,6,152.4,3,47.3,81.4,11,4,70.5
35.6,0,2,0,0.0,1,8.8,46.2,9,4,12.9
331.7,7,7,3,82.4,7,98.8,91.6,7,0,92.8
123.8,2,4,2,48.0,4,71.9,54.4,9,2,55.8
6.6,2,2,1,25.0,1,70.4,12.6,15,3,31.3
75.5,4,8,1,20.0,0,55.3,48.6,11,1,42.1
34.0,3,4,1,27.5,2,53.3,70.7,9,1,40.9
1.4,0,1,1,25.0,0,0.0,43.1,5,1,5.8
98.0,4,6,3,100.0,6,72.7,43.9,10,5,73.0
115.3,4,4,8,195.9,2,96.5,64.3,10,4,77.0
117.7,2,4,3,74.0,4,66.5,70.5,20,2,59.6
128.1,3,4,2,47.5,4,87.6,72.4,10,2,64.0
175.6,5,6,7,170.5,9,87.9,81.9,8,1,92.6
192.5,8,9,2,47.7,4,98.9,87.7,16,0,85.0
81.0,4,7,3,82.3,4,61.4,71.6,16,6,62.7
97.7,4,5,3,70.1,5,78.0,65.8,17,0,67.3
79.6,1,3,5,124.7,1,43.2,84.5,11,0,48.1
26.1,5,11,2,40.0,1,34.4,66.7,0,0,29.5
87.7,4,6,4,101.6,4,72.1,64.0,17,3,67.7
129.8,3,5,4,101.9,4,70.4,61.3,10,2,71.8
92.2,2,5,4,98.5,4,51.2,72.8,10,4,56.8
79.6,3,9,0,0.0,0,46.8,39.1,9,1,32.0
121.9,4,6,3,72.1,6,72.8,95.0,12,0,76.8
113.3,4,7,2,52.9,3,74.0,72.1,14,0,58.7
154.9,7,9,6,151.8,9,81.4,92.7,11,0,93.7
132.9,4,6,4,101.3,3,84.4,51.2,11,2,71.3
194.0,9,9,5,124.1,7,100.0,87.4,11,3,100.0
209.9,3,3,2,53.9,4,99.9,90.7,16,1,85.6
86.8,3,5,7,170.8,3,60.0,90.3,10,3,70.0
133.5,2,3,0,-2.7,3,85.5,54.2,11,2,55.7
45.8,3,8,1,20.0,0,34.7,52.4,20,4,25.2
166.6,3,5,3,80.4,3,75.0,83.2,13,6,73.7
30.0,4,7,2,50.7,6,45.1,62.3,7,4,49.3
166.0,6,6,7,179.6,2,100.0,76.9,9,0,87.9
211.1,2,4,1,20.0,3,72.2,74.0,10,1,69.6
35.3,2,8,1,20.0,1,21.3,23.5,12,3,23.3
102.5,4,5,3,74.3,3,87.1,53.3,16,3,67.0
243.2,8,9,6,153.3,5,98.1,91.5,12,4,92.9
111.4,4,7,3,70.3,7,68.4,84.7,11,2,72.2
151.0,3,5,5,121.4,3,74.4,54.0,12,3,75.1
115.5,4,11,2,40.0,1,62.2,22.0,19,2,47.3
2.5,1,1,0,0.0,0,59.2,60.0,15,2,27.2
2.8,2,2,0,0.0,0,53.0,40.7,9,4,27.8
186.9,9,9,7,175.7,9,98.4,94.6,17,3,100.0
84.6,4,5,2,47.6,4,78.4,51.8,19,0,58.5
48.3,4,10,0,0.0,0,47.3,52.4,10,3,24.0
95.5,3,8,2,40.0,3,51.9,51.5,9,4,46.7
9.6,0,1,0,0.0,1,0.0,46.6,17,1,7.0
1.5,1,2,0,0.0,0,33.3,30.6,16,3,18.3
131.8,1,3,5,124.4,4,60.6,83.7,17,4,65.5
45.7,2,3,1,26.9,8,58.6,79.4,11,1,53.1
79.4,4,4,5,121.5,2,90.4,59.6,16,3,69.8
98.9,3,9,0,0.0,1,58.3,43.7,15,1,41.0
184.5,3,4,3,76.5,3,88.3,68.4,17,3,81.2
181.3,3,5,6,152.7,3,73.4,76.6,10,1,83.9
88.8,2,5,6,149.5,1,51.6,67.4,18,2,52.7
72.8,3,3,8,204.8,1,85.9,65.1,11,2,67.0
24.3,1,1,1,25.0,2,67.3,21.8,13,0,33.0
216.8,5,6,6,157.8,5,92.9,98.7,13,2,89.5
16.0,2,3,0,0.0,0,46.6,45.7,8,3,21.6
54.1,1,5,0,0.0,1,24.7,13.4,14,1,15.8
166.5,4,5,1,25.2,1,95.9,71.3,16,3,67.0
14.9,1,1,1,25.0,0,65.9,52.6,17,2,36.1
173.5,6,7,0,2.6,3,88.8,67.6,8,4,73.0
55.8,3,11,1,20.0,1,34.5,70.0,7,1,30.2
175.6,4,7,4,100.1,3,81.3,82.8,15,0,79.9
129.6,4,6,3,77.0,7,88.0,75.7,22,0,74.7
65.8,0,3,0,0.0,0,30.1,35.0,11,0,14.3
272.5,5,7,7,175.7,10,84.1,100.0,9,2,91.2
64.0,3,10,0,13.0,0,36.7,26.4,9,6,33.1
54.8,3,3,4,99.6,2,78.4,53.0,6,0,54.6
95.8,1,7,2,40.0,3,48.9,41.7,16,0,42.8
104.6,2,3,1,46.2,3,74.9,74.4,0,5,59.1
142.2,4,5,5,126.5,10,93.6,82.4,14,3,88.0
115.6,5,5,3,73.3,2,97.5,79.9,15,2,73.0
167.0,7,8,11,277.8,10,93.2,79.2,15,1,96.7
90.6,3,4,4,100.6,2,76.2,75.5,11,4,65.1
99.9,1,9,0,0.0,1,36.9,56.4,10,1,34.2
24.7,3,7,0,0.0,1,38.2,29.4,6,6,25.6
64.6,4,5,2,52.8,2,66.8,63.3,8,2,46.2
96.8,6,6,2,68.4,7,86.5,75.6,17,6,77.8
162.8,5,6,1,31.5,6,88.9,84.7,14,6,78.0
66.7,1,5,0,0.0,2,29.6,28.1,17,3,30.4
230.5,6,8,5,131.6,3,86.7,89.9,17,2,94.4
138.9,4,5,4,104.3,2,80.5,74.3,14,2,75.1
243.4,8,8,5,131.7,3,100.0,82.1,10,3,90.1
288.8,5,6,2,45.9,7,94.8,89.0,9,4,91.0
128.2,2,4,1,29.9,4,65.3,70.8,6,3,60.5
115.8,3,9,4,80.0,3,64.4,51.4,7,0,55.0
136.7,5,6,7,171.3,9,92.1,81.2,10,0,88.8
193.8,3,4,5,128.3,6,79.6,82.0,18,2,91.1
149.4,4,7,2,48.1,2,79.6,86.9,17,2,69.9
221.8,5,5,4,108.7,7,97.2,96.2,8,2,99.9
259.5,4,7,2,51.9,5,71.0,81.8,7,2,77.8
101.4,9,9,3,80.7,9,96.3,76.3,15,5,83.6
91.7,5,7,2,53.4,3,79.5,67.4,11,2,58.0
90.0,0,1,1,25.0,0,32.8,32.7,8,3,22.8
18.2,1,1,1,25.0,0,64.7,44.7,8,3,27.9
106.0,5,6,3,77.6,2,81.6,87.2,12,2,65.3
122.9,5,6,6,149.1,4,83.9,70.7,12,3,81.0
188.5,2,6,5,126.5,6,61.2,62.2,13,2,76.3
272.6,8,8,8,198.5,6,100.0,90.4,11,1,100.0
59.8,3,3,4,115.6,2,83.6,66.2,6,6,63.5
65.4,3,3,2,53.1,2,83.7,76.3,8,2,49.4
188.0,7,7,3,79.3,7,98.5,80.8,20,3,90.3
134.5,3,3,3,79.1,3,99.9,54.4,11,3,75.3
125.8,5,6,7,181.6,7,83.3,86.4,15,4,89.9
309.8,6,6,4,98.4,10,97.6,94.9,12,2,96.9
75.5,4,5,2,50.3,7,68.5,59.2,14,1,61.5
91.9,3,4,3,70.1,3,73.1,74.2,13,2,62.5
201.4,6,6,5,128.7,9,99.9,81.0,20,0,100.0
92.2,2,8,1,20.0,0,50.8,14.6,13,0,25.7
275.6,4,6,7,177.7,6,82.3,85.9,8,0,90.9
47.9,2,6,1,20.0,0,38.1,53.1,9,1,28.5
104.4,3,3,4,102.8,2,95.0,70.2,15,1,72.9
42.5,3,6,1,20.0,3,42.7,27.3,16,1,37.9
96.4,3,11,0,0.0,2,43.0,31.2,9,2,37.5
139.3,5,6,10,251.4,4,91.9,85.7,14,0,85.4
126.0,3,4,4,101.7,3,91.5,62.0,15,0,73.4
251.6,8,8,3,77.7,2,99.3,100.0,19,4,85.6
146.8,4,5,8,198.0,4,85.2,82.9,12,1,81.4
14.9,0,2,2,50.0,0,10.6,18.3,11,0,17.6
63.7,3,5,6,153.0,5,55.7,57.6,7,3,58.9
78.4,3,4,6,154.9,3,68.0,68.9,19,2,63.4
156.0,2,3,3,72.0,2,79.9,87.7,8,3,67.0
176.0,3,4,4,96.8,4,91.9,80.5,9,1,86.7
79.8,3,3,3,79.9,3,86.3,68.5,21,0,65.2
130.0,3,6,8,198.1,4,70.3,55.9,14,3,68.8
184.1,8,8,8,209.9,9,100.0,79.7,22,0,99.1
148.6,2,4,3,77.0,4,67.3,77.0,15,1,72.5
0.0,4,9,2,40.0,1,26.6,43.0,9,1,26.4
167.9,8,8,7,179.6,4,100.0,89.5,17,2,95.3
155.0,3,4,5,121.9,3,88.3,57.7,15,0,76.5
56.9,1,10,2,40.0,0,23.9,65.9,8,2,22.1
96.2,4,4,3,71.5,6,94.7,95.0,12,2,72.7
83.9,3,6,3,99.6,4,62.2,65.3,14,6,54.7
146.8,3,4,3,74.4,4,83.9,95.0,13,4,75.5
35.5,1,1,0,0.0,0,72.9,17.8,6,2,29.9
6.0,0,2,0,0.0,0,3.3,34.2,19,1,4.3
39.1,4,11,1,39.0,1,37.6,47.1,7,6,28.9
67.8,3,9,3,60.0,0,45.6,36.6,11,4,30.0
127.2,2,4,3,70.6,4,76.3,40.0,10,4,61.5
90.4,0,8,0,0.0,0,30.4,50.3,15,0,25.2
144.7,3,5,7,172.4,5,76.6,79.0,15,4,76.4
258.6,9,9,7,178.9,10,100.0,85.2,16,3,100.0
0.0,1,7,3,60.0,2,4.3,31.7,13,1,17.4
224.9,2,4,4,105.0,7,73.6,78.1,14,0,88.2
18.3,2,9,1,20.0,1,13.2,56.6,9,0,15.9
25.3,1,2,0,0.0,0,37.2,44.8,10,5,21.7
134.3,4,4,4,111.3,12,100.0,88.4,23,6,86.9
226.9,3,4,2,50.7,8,90.2,88.2,16,1,84.2
77.9,3,4,4,98.4,3,67.8,54.1,11,3,63.0
123.8,2,3,1,22.1,3,75.4,55.7,12,1,58.8
267.9,9,9,5,129.1,4,100.0,82.1,11,2,93.9
85.8,0,7,3,60.0,3,22.3,45.6,9,1,41.3
90.0,1,1,0,0.0,2,91.3,25.9,15,1,50.2
75.5,1,2,1,25.0,0,58.6,45.3,12,0,33.6
146.4,5,6,6,150.5,2,89.2,64.4,16,4,75.2
250.4,7,8,9,230.8,8,89.7,94.5,16,3,98.1
36.4,3,5,0,0.0,0,43.3,57.7,15,2,32.7
247.9,7,7,3,84.5,8,99.8,87.1,14,1,100.0
146.5,4,5,5,129.3,7,86.3,78.4,8,0,84.6
99.1,4,4,5,120.0,2,88.6,67.8,10,2,67.9
23.0,4,10,0,0.0,0,26.1,42.0,10,4,22.4
105.4,3,4,4,111.3,4,79.9,91.3,8,5,76.7
140.7,3,3,7,174.4,0,100.0,56.0,15,4,70.4
211.8,4,6,3,83.6,8,80.0,85.0,13,0,84.0
149.2,1,3,2,50.9,3,65.2,65.6,11,1,63.7
64.3,6,6,7,177.4,1,79.0,73.9,10,4,62.5
95.0,2,5,0,0.0,3,52.0,35.6,7,1,37.7
219.6,6,7,5,124.5,5,86.8,82.9,0,4,94.4
63.9,2,4,2,53.0,4,44.3,66.5,15,4,47.9
146.3,3,5,3,78.3,4,69.9,70.2,15,3,71.9
37.5,3,10,0,0.0,0,27.3,53.1,11,1,26.8
35.4,1,1,1,25.0,1,71.0,38.1,17,2,39.4
149.4,2,3,4,99.9,3,76.9,71.0,8,3,69.9
211.6,7,7,5,122.0,8,100.0,97.0,15,3,100.0
170.7,5,5,5,134.7,10,100.0,78.3,7,1,89.6
99.1,4,7,3,100.3,5,73.1,81.9,11,5,67.3
46.9,1,2,1,25.0,0,36.4,21.0,8,3,21.6
175.6,4,4,3,83.1,15,93.9,89.4,16,5,95.7
70.6,3,4,3,78.4,4,67.2,76.7,15,5,60.6
127.2,5,5,2,48.6,3,100.0,66.8,9,2,72.2
84.3,1,9,0,0.0,0,40.3,33.4,17,3,30.8
207.0,9,9,8,199.8,7,94.8,83.5,11,2,98.5
152.5,3,3,5,124.7,3,100.0,69.5,10,4,84.3
98.1,2,3,3,77.3,2,75.0,81.1,15,3,60.1
14.8,0,1,0,0.0,2,3.7,30.1,7,2,6.0
201.1,6,6,4,96.5,12,100.0,92.2,16,1,99.7
150.5,6,6,3,73.1,7,100.0,67.4,18,1,87.8
104.8,0,3,4,101.7,4,36.4,70.7,6,1,43.5
237.6,8,9,11,283.0,6,93.4,93.5,16,3,100.0
84.5,4,5,3,82.0,2,69.7,73.1,9,6,60.4
4.9,0,1,1,32.5,0,0.1,37.3,15,5,12.3
183.9,2,4,7,181.6,10,63.0,85.3,10,4,89.8
101.2,2,3,5,122.0,1,75.5,63.1,21,4,58.2
78.6,2,3,0,3.4,1,68.9,74.4,9,4,44.7
6.4,1,3,0,0.0,0,21.3,21.9,16,3,14.8
114.6,4,5,1,31.3,4,89.5,66.3,4,5,64.8
97.8,7,7,4,118.5,7,88.2,77.8,6,5,78.5
179.6,6,7,6,155.4,11,90.0,88.1,13,3,95.4
22.7,0,1,2,50.0,0,10.4,52.5,8,4,13.0
210.7,4,6,5,120.2,3,77.0,48.0,0,0,72.6
59.9,5,7,6,151.8,4,64.4,67.4,4,4,62.2
72.7,2,4,2,63.7,5,51.5,74.4,17,6,56.1
40.1,4,11,0,0.0,1,38.3,21.0,6,0,26.9
265.2,5,6,6,153.1,7,89.6,91.4,14,1,97.5
103.7,2,3,3,74.3,4,75.5,78.9,14,4,67.0
90.0,2,3,0,0.0,0,76.1,34.0,10,3,42.5
105.1,3,7,1,20.0,0,52.2,34.1,3,2,37.1
269.8,9,9,8,202.0,6,99.8,75.8,9,1,99.6
85.3,4,5,4,98.6,2,68.9,59.2,14,1,63.3
135.5,2,5,7,170.4,4,64.6,84.9,7,4,70.6
30.0,3,3,4,95.1,5,70.1,70.3,15,0,60.4
188.4,7,7,4,103.8,8,96.9,85.3,17,1,99.1
203.4,3,4,3,74.8,6,88.4,66.9,18,1,84.4
111.2,6,6,6,149.3,6,94.9,92.7,9,1,91.7
20.8,2,9,0,0.0,1,20.0,58.0,14,3,22.4
138.8,9,9,4,98.0,6,100.0,97.9,17,2,93.8
247.1,3,4,8,204.5,7,85.0,74.2,15,2,95.0
192.3,4,4,4,97.1,10,90.6,89.1,15,3,95.6
57.4,5,7,0,13.0,1,66.2,34.0,15,6,36.8
66.1,7,7,5,123.6,3,87.2,84.3,7,2,68.5
128.8,4,7,1,20.1,3,79.2,77.4,11,4,58.1
111.9,2,3,2,51.6,3,76.7,77.3,16,3,60.4
152.1,4,5,7,170.1,4,89.1,63.0,11,2,84.8
87.6,2,4,3,72.0,3,60.1,88.3,4,1,49.3
254.0,3,4,6,155.0,7,86.7,93.0,14,0,91.1
210.2,5,5,5,124.8,7,100.0,87.0,17,0,100.0
165.4,1,6,3,78.3,6,51.3,66.7,15,2,70.8
158.5,6,7,3,73.5,9,90.1,65.7,9,3,81.9
144.2,9,9,1,47.1,3,100.0,90.5,9,6,75.7
36.9,1,1,0,0.0,1,68.3,27.5,17,4,28.8
123.4,4,4,4,101.5,8,100.0,73.3,22,0,82.6
127.4,2,4,3,79.9,8,71.3,91.5,15,3,71.0
190.5,4,5,9,227.4,3,90.1,100.0,14,1,88.1
194.9,4,5,5,124.7,4,84.4,89.8,14,0,92.9
2.3,1,1,2,50.0,0,60.2,21.3,7,0,29.9
96.6,4,4,1,50.2,3,89.7,59.0,13,6,56.6
68.4,1,11,1,20.0,1,29.4,14.7,8,2,19.1
143.9,9,9,3,73.3,8,100.0,95.0,11,3,89.6
221.9,6,8,5,129.1,10,84.1,79.6,15,0,96.7
64.3,4,7,6,151.5,2,53.7,78.2,12,4,57.6
38.3,1,9,1,20.0,0,18.6,62.9,9,0,19.9
110.0,1,11,0,0.0,1,41.8,43.2,14,0,30.5
102.9,4,4,5,149.2,12,87.6,94.9,16,6,83.5
38.2,1,2,1,25.0,0,42.0,26.2,9,0,29.3
45.4,3,7,3,72.9,4,39.1,79.1,14,0,48.2
59.3,3,4,3,83.2,4,64.3,61.9,7,5,55.2
95.0,5,7,2,45.3,5,71.4,75.4,10,4,66.8
67.1,5,7,3,73.5,0,60.5,56.6,16,0,46.8
80.4,6,7,2,46.9,5,79.2,61.0,8,2,60.7
85.6,5,6,2,51.0,3,85.5,82.0,14,3,65.1
94.3,7,7,2,45.8,3,91.1,58.6,7,3,65.0
16.3,1,1,0,0.0,0,63.9,60.0,12,3,33.6
197.1,9,9,4,100.7,4,94.5,87.7,13,4,90.0
57.4,2,10,0,0.0,0,28.7,22.4,11,4,28.4
13.7,0,1,0,0.0,1,1.8,35.5,10,3,9.0
284.5,3,4,7,183.8,10,83.8,73.1,18,3,89.7
0.4,0,1,0,0.0,0,2.3,11.6,12,6,9.5
203.3,8,8,10,245.5,8,100.0,82.8,17,4,100.0
127.1,4,6,3,72.9,4,82.2,68.9,14,1,72.6
90.0,2,3,0,0.0,0,69.3,15.8,15,0,36.1
63.7,2,3,5,121.5,1,59.6,59.4,16,0,52.2
171.7,7,8,5,120.9,5,94.2,83.8,8,3,92.8
298.2,4,5,3,84.2,7,88.3,85.4,20,3,84.4
193.1,7,7,6,159.8,9,100.0,80.9,11,2,100.0
160.0,4,4,5,123.8,6,100.0,65.9,10,1,90.0
98.6,5,6,2,46.4,2,82.8,61.4,11,2,62.5
36.2,2,6,0,0.0,2,38.6,53.2,9,2,28.1
122.1,4,5,3,70.7,4,86.0,58.5,14,4,69.8
171.0,7,7,2,49.6,5,98.5,79.4,15,1,93.8
79.7,3,3,6,151.6,6,85.9,64.6,21,4,72.8
0.0,0,5,0,0.0,1,0.0,56.3,14,4,9.0
293.2,9,9,7,176.9,8,100.0,83.1,14,2,99.4
98.8,1,3,5,121.2,1,51.3,57.7,15,0,49.4
212.2,5,5,4,109.9,6,100.0,91.9,0,0,95.7
141.5,3,4,1,28.9,3,92.6,64.8,18,1,60.7
84.8,1,3,1,25.0,0,46.4,25.1,10,3,34.5
147.8,7,8,6,152.4,4,90.1,78.3,9,2,83.9
30.0,4,7,2,49.9,3,46.4,67.3,11,3,39.9
139.0,1,3,1,29.3,1,60.4,95.0,11,1,55.6
10.9,3,7,0,0.0,3,26.6,65.8,16,4,27.7
0.0,4,9,1,20.0,1,27.2,43.7,10,3,21.4
112.1,6,7,5,122.1,2,85.4,67.8,11,2,72.3
149.4,2,3,2,51.1,2,82.3,71.3,11,3,58.8
188.4,6,8,12,300.0,6,81.6,93.2,12,2,100.0
37.7,1,9,1,20.0,0,12.2,45.4,7,1,12.8
121.1,3,4,7,175.4,5,78.8,71.5,14,2,74.6
156.0,6,7,2,53.5,0,92.5,52.1,16,2,65.0
228.7,9,9,12,309.3,6,95.5,84.8,13,4,96.6
148.0,6,7,4,97.0,3,93.7,61.1,11,2,77.9
112.9,3,5,4,103.0,2,71.2,66.7,14,4,60.0
108.0,4,6,4,99.2,5,71.9,74.6,15,2,73.8
28.1,2,9,0,0.0,0,22.0,35.5,1,3,10.8
39.1,1,10,2,40.0,0,16.1,47.3,14,4,23.7
50.8,6,6,4,95.4,4,80.0,58.5,10,3,67.3
138.1,5,6,4,104.4,3,85.7,100.0,15,4,79.2
108.9,2,3,2,50.6,7,74.8,62.0,11,0,60.0
110.0,0,7,2,40.0,0,40.0,21.3,10,2,36.0
110.2,4,4,3,77.1,2,95.2,97.1,13,3,72.4
69.3,4,9,0,0.0,2,45.1,49.9,8,1,40.4
117.6,4,7,2,53.5,3,68.3,56.5,5,1,57.9
101.1,3,6,2,53.2,4,61.6,70.7,13,4,58.3
146.0,5,6,3,71.8,4,94.0,69.1,11,0,75.0
172.4,3,6,2,47.7,4,79.5,79.7,17,3,67.9
79.4,6,8,9,231.2,5,75.4,72.1,11,3,68.7
153.1,1,4,2,50.5,2,43.1,66.3,23,2,51.7
162.8,4,4,2,50.9,6,99.9,67.2,11,1,89.9
139.4,9,9,4,101.8,8,96.2,80.5,16,0,85.1
114.7,3,5,4,102.3,1,71.9,72.7,14,1,61.0
265.1,4,5,5,125.7,4,81.3,85.9,2,1,91.3
8.0,1,2,0,16.2,0,31.7,20.8,15,6,14.3
137.9,2,4,3,78.8,1,70.6,70.9,8,1,60.5
148.1,2,3,3,74.7,3,72.5,86.1,16,3,73.0
117.9,4,5,2,45.1,4,88.9,68.1,14,2,69.8
111.7,5,7,4,99.1,5,83.4,61.4,12,1,71.9
45.6,3,7,4,80.0,0,39.4,70.0,13,1,35.9
3.4,2,2,0,0.0,1,63.2,46.8,13,1,25.7
195.4,7,8,5,128.9,9,99.3,84.2,6,4,90.9
4.5,1,2,1,25.0,2,33.1,60.0,9,4,26.3
137.8,6,7,3,79.1,5,89.6,83.3,0,2,81.0
131.5,4,5,4,98.0,10,87.5,81.7,12,3,83.5
4.8,1,1,1,25.0,1,61.8,8.3,10,1,33.7
44.6,3,11,1,20.0,1,31.7,56.0,9,0,31.6
167.4,7,7,3,74.8,5,100.0,87.4,6,1,92.4
32.2,3,3,0,0.0,0,69.7,39.7,9,4,30.8
153.4,4,5,6,150.4,11,86.8,73.3,14,2,90.6
198.0,4,4,4,100.4,1,99.5,59.8,2,2,80.4
157.4,3,4,8,197.7,2,86.2,78.4,16,3,79.8
185.3,8,9,6,159.2,11,93.1,97.1,13,0,96.6
142.0,4,4,2,45.2,5,96.5,65.6,14,0,78.1
27.8,1,5,1,20.0,1,23.8,57.0,10,2,24.2
137.3,9,9,2,62.6,2,92.4,83.8,4,6,69.8
31.4,2,6,0,0.0,3,29.0,59.0,7,0,27.7
248.8,4,4,6,145.3,6,95.6,100.0,19,0,97.8
79.6,1,6,0,0.0,1,28.4,37.2,16,0,29.1
117.9,6,6,5,130.9,8,100.0,79.6,10,2,85.7
94.2,3,4,2,66.5,0,73.0,80.0,9,6,57.3
146.9,5,5,4,103.5,4,100.0,68.5,13,2,86.0
90.7,3,3,7,179.6,3,94.3,57.4,8,0,64.2
80.5,3,3,1,50.5,7,86.7,67.6,14,5,69.7
147.0,5,6,7,181.4,4,89.3,78.0,13,4,79.2
126.6,7,7,1,54.8,3,96.1,85.7,9,6,74.4
12.8,1,1,0,0.0,0,64.7,29.5,10,0,27.9
47.7,3,5,0,15.7,3,51.4,65.2,14,6,43.2
167.2,6,7,3,78.0,4,93.1,86.2,10,2,85.1
303.8,8,9,5,130.7,4,90.8,98.3,14,0,91.2
23.8,2,2,0,0.0,0,62.0,23.9,11,0,33.1
233.4,5,6,8,209.0,10,93.2,96.8,11,2,95.7
3.2,2,3,0,0.0,0,42.6,20.0,15,3,18.7
96.7,4,6,3,76.2,3,75.1,73.5,0,2,58.8
92.5,4,6,3,70.6,2,70.4,62.1,15,3,59.9
203.6,4,5,5,124.8,11,85.3,98.1,7,3,87.6
104.4,3,3,7,176.5,2,95.1,72.6,15,4,75.2
86.5,2,3,3,74.1,6,65.1,58.9,6,2,58.7
231.7,4,4,5,134.7,2,100.0,86.3,0,2,85.3
44.6,2,6,0,0.0,1,30.5,22.2,16,2,24.4
221.1,7,7,9,225.1,7,97.7,90.2,14,0,100.0
6.0,2,3,1,25.0,0,45.5,5.9,20,4,17.2
292.3,6,7,8,204.5,10,90.8,97.0,10,1,97.9
46.7,5,6,3,76.6,6,69.8,69.4,22,1,68.9
166.6,9,9,5,131.2,11,97.3,81.5,15,1,99.1
158.1,2,4,7,179.9,4,70.9,90.4,12,0,86.9
186.3,5,5,5,121.5,8,97.8,90.4,15,1,100.0
60.7,4,7,2,49.0,4,56.5,57.7,7,0,42.1
295.0,6,7,8,206.4,14,93.3,76.1,14,2,98.4
253.1,6,8,2,57.9,7,85.2,90.5,18,0,85.7
56.5,4,5,1,46.0,2,71.6,71.6,9,5,53.7
136.7,7,8,8,197.8,9,94.8,81.1,10,4,86.0
143.2,6,6,3,70.9,9,100.0,77.3,10,1,82.6
148.3,3,7,2,53.7,6,64.3,72.5,9,4,67.3
71.5,2,7,1,20.0,2,40.3,32.5,7,2,29.9
150.9,3,10,1,20.0,0,48.8,50.8,5,2,47.9
223.3,7,9,7,173.8,9,81.7,92.0,17,2,95.4
92.7,5,5,1,21.4,3,92.6,75.5,9,0,62.0
127.2,6,6,4,104.7,1,100.0,71.9,16,1,74.4
194.6,9,9,4,96.3,5,96.4,95.5,13,4,94.1
198.5,4,4,11,275.0,8,99.6,94.7,9,3,100.0
51.5,1,6,3,60.0,1,22.5,51.7,9,3,29.1
311.2,8,8,4,102.6,10,98.4,94.5,10,3,97.0
177.7,3,4,3,72.1,3,82.8,60.8,8,1,73.9
108.2,5,6,4,101.3,4,91.8,49.5,7,4,67.9
157.4,6,7,8,198.5,9,87.5,93.1,16,1,90.7
108.2,5,5,5,126.9,7,99.0,92.3,7,5,85.1
209.7,3,4,2,59.8,8,96.6,89.3,11,3,88.5
277.9,4,4,4,96.0,7,98.3,83.4,10,1,94.1
80.9,5,6,2,53.4,5,80.4,74.0,9,0,66.9
183.7,4,7,1,29.8,2,74.3,61.6,11,0,62.9
246.6,6,6,3,81.7,5,100.0,74.8,14,2,92.5
130.0,5,6,7,170.2,4,93.5,79.2,11,0,81.3
1.2,1,2,0,0.0,0,26.0,46.3,8,3,20.6
165.1,7,8,5,131.4,7,91.7,79.5,14,1,96.4
130.1,2,4,2,52.3,1,70.6,87.5,9,4,56.8
183.9,7,7,3,74.3,3,100.0,99.6,23,2,87.6
13.3,4,10,0,0.0,3,25.4,67.0,14,3,30.5
137.6,4,6,5,123.1,3,80.9,70.3,14,4,80.5
5.8,2,3,0,0.0,1,40.4,35.7,9,0,22.8
174.2,3,5,2,47.0,2,69.6,76.8,9,3,68.5
19.5,3,4,2,61.8,2,54.1,68.3,8,6,38.0
135.3,5,5,4,102.2,3,100.0,59.8,21,3,78.3
211.1,7,7,7,182.2,7,100.0,84.2,11,0,99.8
116.7,8,9,3,83.6,6,91.0,92.0,12,1,79.7
85.8,1,3,6,149.1,3,56.0,84.3,19,2,61.1
233.3,8,8,2,58.9,7,100.0,94.3,11,4,93.3
184.6,4,4,3,77.4,5,97.5,79.0,16,4,90.0
45.8,1,3,1,25.0,0,37.9,40.3,16,2,25.6
202.5,7,9,7,170.1,8,82.8,79.6,17,2,95.0
58.3,3,11,0,0.0,1,36.2,41.5,11,4,32.5
50.4,3,7,0,13.0,1,47.3,70.0,16,5,28.6
113.3,2,3,1,48.5,3,85.9,82.2,17,6,66.1
210.7,5,5,7,178.3,11,97.6,86.4,16,4,98.5
225.4,2,3,4,97.5,2,81.1,87.7,17,1,77.7
105.2,3,3,1,50.2,5,86.6,55.0,15,6,72.5
3.3,2,3,0,0.0,0,43.8,23.0,4,0,16.4
115.6,7,7,1,49.3,1,95.6,65.3,14,5,66.2
218.2,3,6,3,81.4,10,69.1,78.8,8,2,77.9
120.8,6,7,6,156.0,6,91.6,91.2,14,4,84.4
151.2,3,4,2,52.4,4,90.0,55.3,11,0,71.9
98.7,5,6,3,94.6,5,76.6,61.6,15,6,69.4
253.6,6,7,6,149.6,5,88.7,100.0,20,2,92.5
184.5,5,5,4,119.2,8,95.2,71.9,18,5,100.0
241.2,6,7,9,233.3,4,91.3,88.9,6,3,89.8
97.2,8,9,8,209.5,5,84.1,95.9,17,3,87.8
127.6,6,7,1,21.6,4,97.6,84.0,14,1,72.5
52.4,4,8,2,40.0,1,49.2,32.3,13,0,32.4
181.1,2,6,3,71.2,2,60.2,50.0,7,2,59.8
110.6,5,7,1,22.3,3,79.8,64.9,9,2,59.7
51.5,4,6,3,81.5,3,58.1,64.6,17,6,52.6
84.3,5,7,2,48.5,4,74.4,95.0,13,2,60.3
47.7,2,3,0,0.0,1,62.8,46.4,11,1,28.2
56.2,2,10,2,40.0,1,38.2,38.4,10,2,26.0
333.9,9,9,6,159.6,7,96.2,82.4,13,4,99.9
91.8,3,7,2,40.0,3,55.3,70.0,10,1,52.5
98.4,2,5,1,49.0,4,56.7,72.8,7,6,54.9
153.3,7,7,8,197.1,2,95.7,62.7,15,0,81.9
51.3,4,10,2,40.0,2,40.0,46.9,11,0,39.1
131.0,6,8,5,123.8,11,81.7,81.9,13,0,85.0
43.3,1,6,2,40.0,1,22.9,53.2,15,3,31.8
213.5,4,6,12,297.4,9,78.4,81.8,17,0,94.6
146.2,3,3,0,3.8,1,98.3,72.0,17,1,64.6
137.3,5,5,4,100.7,5,100.0,95.0,15,3,86.0
153.9,4,5,11,278.4,6,91.6,86.4,9,2,89.3
151.4,4,5,3,72.4,5,79.8,55.4,20,0,80.3
155.8,5,6,4,100.6,6,87.2,47.4,8,2,84.4
53.0,6,7,1,25.3,5,63.6,56.6,13,0,53.6
95.3,3,4,5,123.5,3,78.6,71.7,8,3,69.7
167.5,5,6,2,45.0,5,91.1,46.5,9,1,82.5
49.2,4,4,6,148.0,4,77.2,84.5,12,2,65.7
144.6,4,6,5,121.4,11,79.7,85.1,15,0,86.8
46.3,3,9,2,40.0,0,42.6,64.0,17,1,35.4
76.3,6,7,1,51.4,2,76.9,62.1,8,6,55.4
39.5,1,1,0,0.0,0,80.4,47.2,9,2,34.0
79.4,4,4,3,83.3,2,86.5,88.1,20,5,66.4
94.2,5,5,6,150.0,3,92.8,85.9,10,2,71.5
124.6,3,3,8,202.8,7,98.8,65.7,15,4,83.9
21.9,0,1,1,25.0,2,9.5,53.9,8,1,20.6
4.7,1,2,0,0.0,2,32.2,35.2,9,0,25.1
90.0,0,1,0,0.0,0,27.2,34.9,15,1,30.1
57.5,0,1,0,0.0,1,19.9,38.4,18,4,18.2
10.1,1,2,0,0.0,0,33.9,37.5,15,2,21.8
25.6,4,9,1,20.0,1,32.0,60.4,11,2,32.5
133.7,4,6,1,24.3,5,77.7,95.0,15,3,67.6
90.1,3,4,8,202.5,2,76.8,69.1,8,0,60.5
171.6,7,8,11,284.3,6,88.0,91.8,15,2,96.1
19.5,2,3,2,67.8,6,48.7,90.2,9,5,52.2
70.7,3,5,1,50.5,1,60.1,78.7,19,5,42.5
83.9,4,5,0,3.4,8,72.6,77.8,16,3,60.2
98.3,4,4,4,102.1,4,89.5,62.3,17,3,69.7
147.0,5,6,2,46.0,2,87.6,44.4,19,2,65.8
9.6,2,6,0,0.0,2,20.2,31.7,11,2,19.1
71.3,3,5,5,125.7,3,55.0,62.6,11,4,60.7
99.3,5,5,8,197.1,9,91.3,81.4,11,4,81.3
33.0,1,2,0,0.0,1,43.6,23.8,9,3,23.7
164.8,3,3,5,124.4,5,100.0,85.8,10,3,90.5
92.5,3,3,0,-4.6,0,92.5,82.8,16,3,47.0
233.4,5,7,12,304.4,9,91.0,100.0,13,4,88.9
88.4,2,3,3,79.8,3,71.2,72.9,7,3,53.6
59.6,3,5,4,99.6,7,59.5,69.6,15,2,66.2
129.1,4,5,5,127.2,5,91.1,62.6,17,4,79.5
135.4,7,8,9,222.7,8,87.5,82.4,12,3,90.3
101.0,3,4,3,73.2,3,82.6,73.9,8,0,62.7
170.8,5,7,3,74.5,1,86.0,64.4,15,0,66.2
53.3,1,9,1,20.0,1,25.5,55.6,10,2,27.8
191.9,9,9,3,79.6,6,99.9,72.8,14,1,92.5
203.8,8,8,2,49.6,10,100.0,85.3,11,1,92.3
84.9,7,7,3,76.0,3,90.6,58.8,10,3,64.2
112.5,3,3,4,95.6,2,90.6,63.2,18,4,67.2
73.9,1,2,0,0.0,0,55.1,22.5,0,0,25.8
181.7,4,4,4,98.4,4,97.2,52.3,15,2,86.4
71.7,4,4,1,45.9,2,81.3,58.6,16,5,57.7
55.8,2,3,0,0.0,0,61.2,16.4,14,6,33.1
200.2,3,6,8,204.0,4,73.5,91.8,17,1,87.7
89.4,3,6,4,102.0,4,59.4,55.4,22,1,59.9
298.3,4,5,4,99.1,7,89.6,90.6,6,1,97.3
200.3,3,6,8,206.1,3,65.6,76.0,0,3,79.6
189.8,4,4,8,202.6,8,97.3,77.0,11,1,100.0
103.1,5,7,6,148.5,3,76.9,72.4,14,1,69.9
247.8,7,7,9,231.4,6,100.0,77.5,10,0,100.0
187.6,5,5,5,130.4,8,96.8,75.8,14,3,100.0
48.3,5,11,0,13.0,0,42.3,70.0,13,5,32.4
131.1,4,6,3,71.3,2,72.2,81.2,14,1,65.6
138.2,3,4,1,22.1,5,88.1,87.5,14,4,76.5
49.6,6,7,0,-1.4,2,67.9,62.0,10,4,43.0
61.2,3,3,4,98.3,6,74.6,69.7,13,1,65.4
66.9,2,5,2,40.0,1,47.8,29.2,14,4,37.1
128.7,5,6,3,77.4,8,84.5,50.5,9,0,85.3
112.1,2,4,2,50.6,3,67.6,72.5,18,1,50.5
209.0,4,4,4,97.8,10,99.7,82.8,14,2,98.5
72.3,3,9,3,60.0,0,40.0,43.7,11,2,39.1
177.8,5,5,5,127.3,3,98.2,57.9,19,2,87.3
187.5,3,3,3,78.1,5,100.0,86.4,12,4,94.3
75.7,4,6,1,29.4,3,67.5,73.8,11,5,50.6
118.6,6,7,2,67.3,7,83.5,83.4,9,6,79.6
58.5,4,4,1,29.8,3,79.1,49.5,9,6,53.8
93.5,1,6,2,40.0,0,36.0,57.7,11,4,35.0
189.4,4,6,6,158.0,10,76.4,84.1,10,0,88.9
123.9,7,7,5,123.2,4,100.0,66.4,12,1,80.4
83.8,4,4,2,48.5,3,86.1,69.0,16,0,62.6
163.3,7,8,5,128.4,3,91.4,80.9,11,2,84.2
104.2,5,6,3,72.6,3,81.4,65.3,10,3,62.3
103.7,3,3,1,22.2,4,96.6,79.5,15,4,67.6
26.0,3,3,2,50.0,0,67.9,46.2,10,3,45.8
101.5,4,4,5,121.9,4,96.0,79.5,12,0,78.3
192.1,2,7,6,153.8,6,53.3,84.8,13,1,83.1
70.8,3,3,3,79.0,4,81.6,75.5,17,3,63.6
101.0,3,7,0,0.0,2,56.2,28.2,13,1,39.2
29.8,4,9,0,0.0,0,26.9,33.4,13,0,19.4
19.6,1,1,0,0.0,0,68.1,37.4,13,3,28.5
128.4,4,7,4,100.5,1,75.5,95.0,15,3,67.2
203.8,4,6,2,53.8,6,71.7,70.6,10,4,85.5
134.9,4,7,2,50.0,5,73.8,54.7,10,4,67.9
79.1,5,11,1,26.0,0,47.2,51.1,10,5,41.0
109.9,3,10,1,20.0,0,53.7,30.8,8,2,37.1
1.4,1,6,1,20.0,4,17.1,38.7,10,3,24.9
156.8,5,5,6,159.0,6,100.0,89.1,16,4,98.1
88.8,1,4,3,78.2,1,47.0,59.4,11,3,44.2
81.0,2,9,1,20.0,0,38.7,16.2,6,1,24.2
191.1,4,5,2,53.4,5,85.3,58.9,7,3,80.2
84.2,2,3,2,51.8,5,69.9,66.5,7,0,48.9
37.8,2,9,0,0.0,1,24.7,54.7,9,6,21.8
156.6,5,6,4,97.1,10,85.3,98.6,15,2,95.1
126.6,5,7,6,147.6,3,89.9,71.4,8,3,74.3
101.5,5,6,3,79.7,3,81.6,48.0,10,4,68.3
45.8,2,4,2,50.9,3,41.4,74.3,16,0,43.6
197.0,7,8,6,154.0,6,90.3,94.6,14,4,100.0
222.4,6,6,4,105.8,7,97.1,96.4,11,4,97.1
117.7,5,5,4,95.2,1,98.2,87.2,16,2,74.0
106.4,2,3,3,72.8,4,72.7,57.6,8,3,62.1
44.8,1,2,1,25.0,1,45.0,20.4,1,2,27.9
28.0,4,8,2,40.0,1,43.4,12.2,17,0,30.9
133.5,3,6,7,172.6,8,69.0,86.4,11,1,78.2
327.4,5,6,4,95.1,7,86.7,73.7,16,3,85.8
100.8,3,4,3,79.9,7,74.0,82.8,9,6,74.4
167.8,2,3,4,100.8,4,76.5,87.7,14,1,78.4
0.0,4,9,1,20.0,0,22.3,56.9,9,3,19.4
68.6,4,4,5,126.7,2,83.1,61.2,9,1,71.5
2.6,1,3,0,0.0,0,24.1,48.3,13,0,8.3
54.8,3,11,4,80.0,2,34.7,38.4,20,4,33.1
51.1,2,10,0,0.0,0,29.4,60.3,16,0,24.2
232.0,3,5,4,102.5,8,77.0,81.7,15,2,82.6
67.9,5,7,3,78.1,6,67.1,83.6,15,3,72.7
30.0,4,6,4,98.6,2,52.1,55.6,11,0,42.3
5.1,1,3,1,25.0,0,24.5,36.0,8,2,15.9
87.7,4,6,1,50.1,3,67.9,56.4,7,5,54.4
224.3,7,7,4,106.1,11,100.0,92.8,5,2,98.1
182.0,7,8,5,130.4,7,89.1,87.0,9,4,100.0
100.4,4,4,3,78.5,1,96.6,88.1,11,1,65.3
77.8,7,7,3,79.3,6,86.0,62.4,15,1,71.5
148.0,7,9,8,196.1,10,83.1,100.0,10,4,93.5
256.8,7,9,7,176.5,4,88.3,81.2,14,0,97.4
115.3,7,8,6,151.9,6,85.3,86.8,21,0,78.5
75.5,5,7,4,95.9,0,71.6,69.0,12,4,58.1
84.4,4,4,4,96.2,2,79.1,75.0,5,1,62.5
354.1,4,4,6,153.0,7,93.7,75.4,7,0,95.5
88.0,1,6,0,0.0,2,38.4,24.0,9,4,31.5
125.7,7,8,2,51.2,9,97.6,81.9,11,1,79.7
77.5,1,4,3,78.2,4,38.4,95.0,11,0,49.2
72.5,4,6,3,76.3,4,67.0,73.2,10,3,63.3
111.2,5,6,6,149.6,3,83.6,58.3,12,1,77.2
200.2,8,8,6,149.4,10,97.3,89.7,11,3,100.0
178.7,5,6,9,232.3,7,98.2,96.8,14,3,100.0
186.4,4,5,1,23.4,2,90.0,79.7,16,1,75.3
151.4,4,4,5,125.3,5,100.0,70.1,10,3,90.5
220.4,7,7,8,205.8,9,97.6,77.8,18,3,100.0
216.7,3,5,8,203.5,6,71.6,56.5,10,2,87.1
233.3,9,9,6,145.8,7,98.0,92.4,21,3,95.8
81.8,3,5,3,81.6,2,67.8,76.9,12,6,52.7
249.9,5,6,4,101.0,6,90.0,92.9,11,0,98.0
106.4,3,8,2,40.0,0,63.1,53.5,13,0,36.5
161.9,4,6,2,50.1,4,82.3,48.7,15,0,72.6
24.4,0,1,0,0.0,1,14.2,24.4,8,4,7.4
70.4,6,6,2,46.2,3,85.7,51.0,11,4,57.2
39.2,2,3,4,96.9,1,53.9,60.9,8,2,44.5
285.9,5,5,5,133.7,5,100.0,81.4,18,0,91.2
153.0,5,6,2,45.8,3,94.0,65.2,15,1,70.3
144.7,7,7,4,97.0,1,96.6,72.1,7,2,76.2
125.2,5,6,5,129.3,1,93.1,85.1,12,4,73.2
113.0,4,5,5,120.8,3,85.8,64.3,11,0,71.1
53.2,5,11,2,40.0,1,45.0,41.5,15,2,42.5
137.9,6,6,1,27.6,4,99.7,69.1,10,2,72.3
103.1,4,4,2,49.6,4,93.5,73.2,7,0,66.3
187.9,6,7,9,228.1,4,94.7,100.0,15,4,96.4
237.2,6,7,10,249.6,5,92.8,97.2,16,1,93.8
71.0,7,7,1,47.2,1,78.4,73.9,17,5,55.0
106.5,2,3,3,76.4,2,80.0,66.7,16,3,59.4
226.3,5,6,6,146.2,10,84.6,92.5,3,3,95.4
152.9,4,6,1,22.1,4,83.4,63.2,15,3,64.9
226.3,5,6,3,74.9,9,87.3,84.4,13,3,88.7
205.3,5,6,2,56.5,2,88.4,83.6,10,1,81.0
64.9,4,5,4,102.1,4,68.8,73.3,14,2,61.5
121.2,4,4,4,95.7,3,100.0,85.6,17,4,75.8
60.4,1,11,0,13.0,1,15.1,17.9,18,5,18.2
127.1,5,6,4,99.7,5,93.1,82.6,11,1,82.3
210.2,8,8,5,134.3,6,97.1,87.2,17,0,100.0
128.2,5,5,2,45.9,2,99.7,82.0,15,0,69.0
92.8,4,6,1,20.0,0,73.5,54.7,12,2,42.5
136.2,5,11,2,40.0,1,66.6,51.2,13,1,54.7
27.5,1,1,1,25.0,0,72.9,40.4,19,3,29.5
141.6,5,5,1,27.7,3,92.1,93.3,12,3,76.9
74.8,3,11,0,0.0,0,41.5,46.2,10,5,27.1
157.4,3,4,3,72.2,6,78.6,75.4,14,4,87.6
194.2,2,3,2,49.1,2,86.2,58.7,15,2,70.8
118.0,5,7,1,21.0,4,82.2,71.0,10,3,68.7
292.1,8,9,8,199.4,5,95.1,84.1,10,0,99.9
147.9,2,7,2,45.1,4,53.3,66.5,9,4,59.5
91.5,5,6,5,125.0,3,80.3,84.7,11,0,68.3
206.8,7,9,4,107.4,12,77.3,65.0,10,0,91.0
204.2,4,5,6,153.0,4,88.8,72.2,15,0,92.3
55.3,5,7,2,62.0,5,68.8,85.9,11,6,61.4
143.9,3,4,1,26.2,9,86.6,74.4,17,2,81.3
176.1,9,9,4,95.9,6,100.0,83.8,10,3,99.1
13.0,1,2,0,0.0,0,31.2,18.4,12,2,13.8
19.5,2,3,1,25.0,0,47.3,48.9,3,1,28.2
66.2,3,4,1,27.7,2,63.4,67.9,10,1,41.6
107.6,7,7,5,123.4,6,92.7,67.2,16,3,80.6
259.7,8,9,5,120.6,13,94.1,94.0,16,4,100.0
77.0,2,8,1,20.0,0,35.4,39.3,15,0,30.9
166.0,4,4,3,70.7,3,100.0,88.1,8,4,73.8
17.9,0,2,0,0.0,1,7.3,44.0,13,0,6.3
137.4,3,5,3,71.2,5,80.7,86.3,17,4,75.5
163.5,3,3,3,76.5,5,100.0,66.2,11,3,88.5
29.9,2,5,2,40.0,1,36.4,65.3,19,0,22.2
274.7,9,9,9,223.0,6,100.0,80.0,9,3,100.0
171.0,5,5,5,132.8,3,98.0,91.7,9,3,94.2
224.2,4,6,2,48.2,4,70.6,74.9,18,1,71.1
103.1,3,4,2,47.9,6,78.6,72.8,15,4,69.9
218.8,2,3,3,77.4,2,81.1,46.2,16,3,70.5
153.9,7,9,11,282.1,9,90.9,85.0,13,0,91.0
144.3,2,3,2,53.6,3,68.8,68.0,11,2,62.9
160.2,8,9,6,145.2,8,88.6,95.6,9,1,92.3
246.9,5,5,11,283.9,5,98.3,75.2,12,1,98.6
146.9,5,5,5,127.1,8,95.6,70.7,12,4,96.0
96.7,3,4,8,198.7,3,77.2,76.3,22,2,62.0
59.5,2,8,3,60.0,3,44.6,47.4,14,1,39.0
248.4,4,6,4,101.3,12,84.7,71.9,9,0,93.7
89.7,3,3,1,30.2,3,85.0,64.3,13,5,57.9
93.2,1,4,0,-1.6,1,38.2,72.7,15,2,40.9
193.4,5,7,4,99.8,4,86.1,80.2,9,2,87.8
151.2,4,4,4,102.8,8,97.0,92.0,16,1,92.6
256.5,7,9,8,208.5,7,86.5,81.6,11,2,94.0
152.3,4,5,5,125.6,2,88.2,76.4,15,1,79.2
47.5,7,7,2,49.5,1,80.5,50.7,19,2,43.7
180.8,6,9,4,98.9,19,77.8,80.7,14,0,92.9
16.8,1,2,1,25.0,0,40.9,46.4,13,2,22.1
43.0,6,7,2,47.1,2,67.0,58.8,6,2,47.5
189.0,6,6,3,84.3,8,100.0,88.3,11,3,96.9
95.2,3,4,1,50.0,5,74.6,67.8,10,6,63.9
48.8,2,3,0,0.0,0,49.8,56.9,14,3,36.5
175.5,4,6,4,103.1,6,79.5,80.2,18,0,86.1
176.2,5,6,8,204.9,6,92.8,86.6,7,0,93.9
134.6,5,6,2,47.5,2,87.4,61.8,17,3,69.4
92.7,9,9,4,98.3,12,93.6,87.1,10,3,83.1
166.5,4,5,6,159.6,8,86.1,89.2,20,6,90.2
43.4,4,4,5,126.2,3,66.9,58.6,17,0,63.4
61.2,2,9,2,40.0,0,30.3,49.9,15,3,27.7
19.7,1,3,0,0.0,1,21.2,18.9,12,2,15.1
146.2,4,7,8,195.4,5,78.1,68.4,7,1,73.5
138.6,3,3,3,70.7,0,99.0,79.9,14,0,74.3
86.1,6,7,5,123.0,4,87.3,77.5,13,4,74.9
24.0,0,2,0,0.0,0,4.2,34.0,10,2,11.1
199.8,4,4,3,79.1,3,100.0,64.5,13,4,82.2
146.6,6,6,3,71.1,1,100.0,70.9,19,3,72.1
56.6,6,7,0,-2.2,1,71.3,61.5,8,6,43.6
116.6,3,4,8,199.6,2,79.7,66.1,9,0,69.7
74.7,2,11,1,20.0,0,36.9,34.4,12,1,29.8
317.7,6,6,6,146.3,5,100.0,91.4,14,4,95.7
118.6,6,7,4,104.0,4,89.8,77.7,9,0,81.0
22.0,3,7,2,52.0,1,33.7,58.7,10,6,31.6
131.9,3,3,3,76.1,3,96.8,64.9,14,4,71.7
184.0,7,8,10,251.1,11,92.7,81.0,14,2,100.0
9.9,1,3,0,0.0,0,27.3,30.3,17,0,19.0
139.0,4,5,2,48.3,3,86.9,84.8,11,1,74.9
7.8,1,2,0,16.2,1,31.5,51.5,11,6,22.9
202.8,2,4,6,145.3,10,68.2,86.7,17,0,89.9
305.7,7,7,5,121.4,5,100.0,73.6,11,0,99.9
171.6,4,6,4,103.3,3,81.4,65.8,16,4,82.9
221.3,6,7,6,156.6,8,86.5,89.5,10,2,96.6
171.6,3,3,3,73.9,1,94.1,70.1,11,2,78.6
95.4,2,4,8,199.7,6,64.1,88.5,11,1,69.1
106.9,5,6,1,22.1,4,81.0,95.0,14,1,66.3
96.0,4,5,10,249.2,7,78.8,87.6,11,4,80.7
93.9,5,5,5,120.9,2,87.8,61.6,19,3,68.3
220.5,3,4,3,71.6,7,85.2,79.0,8,0,83.6
120.7,5,7,2,51.0,2,86.6,56.7,16,0,57.7
225.3,3,5,4,108.8,9,68.7,94.6,21,3,81.9
4.7,0,3,1,25.0,1,4.7,44.5,16,2,12.7
9.4,3,3,1,32.5,0,61.9,34.7,9,6,36.1
20.0,4,9,2,40.0,2,32.9,65.6,14,4,34.0
55.7,5,5,4,96.7,2,76.5,53.5,14,1,58.8
315.0,3,4,4,98.9,6,88.3,92.3,10,3,96.5
87.2,4,7,1,22.5,3,64.5,54.0,22,1,46.9
154.4,2,6,1,22.9,2,66.9,92.7,7,3,58.7
8.8,0,1,1,25.0,0,0.0,55.5,10,2,11.5
112.8,7,8,4,114.3,6,92.7,87.1,11,5,83.6
157.6,5,6,3,79.5,5,89.3,77.3,14,2,79.2
190.5,4,6,3,77.5,4,75.2,62.0,15,1,80.9
210.4,2,3,3,76.0,4,74.6,45.5,13,2,76.1
113.3,5,7,3,73.0,6,80.0,72.8,16,2,75.5
117.9,5,7,4,103.9,3,82.9,75.9,11,4,67.8
0.0,3,7,1,20.0,3,21.8,34.8,16,3,28.9
75.7,2,8,2,40.0,0,41.5,39.0,22,3,32.8
88.6,1,3,3,74.6,3,50.8,69.6,9,4,51.4
153.5,4,6,5,126.5,3,76.0,73.6,11,2,79.8
57.2,3,3,7,178.8,5,77.7,66.8,12,3,72.2
147.5,9,9,2,47.9,12,98.9,87.8,9,2,86.0
59.3,4,5,1,32.1,2,67.8,60.5,9,6,45.8
265.5,7,8,9,223.2,6,88.2,82.6,8,1,95.9
50.8,4,5,0,13.0,1,71.6,42.5,21,5,34.7
88.5,4,7,1,20.0,0,62.1,53.9,10,2,42.0
74.5,6,7,6,153.2,0,75.5,81.9,13,2,62.7
40.8,1,8,1,20.0,4,18.1,42.3,12,3,31.3
173.3,4,5,4,95.5,1,86.0,85.7,8,1,74.2
0.0,0,8,1,20.0,1,4.8,27.9,15,0,13.0
132.0,5,5,6,146.1,2,100.0,72.4,11,1,78.4
131.4,3,5,2,48.7,4,81.1,76.7,8,0,62.9
213.3,7,7,5,123.3,7,99.8,86.0,9,4,97.7
173.0,7,7,6,153.6,8,100.0,89.9,10,2,92.2
88.3,6,7,6,148.5,5,83.8,73.1,10,2,78.7
108.7,1,10,0,0.0,1,41.2,49.3,12,4,32.0
52.7,3,3,2,54.8,4,74.0,57.2,23,1,59.3
55.6,3,4,2,63.4,2,54.8,40.0,15,6,48.6
68.8,5,5,4,102.6,4,85.9,51.9,17,4,68.7
190.1,4,5,4,99.3,1,89.5,67.9,12,1,74.4
108.4,1,3,5,125.8,3,52.2,65.1,8,0,60.6
165.3,2,4,4,101.4,4,74.6,79.4,16,3,78.1
31.9,0,1,1,25.0,1,12.7,49.9,15,3,16.7
221.9,6,7,12,301.0,7,97.5,99.8,2,1,92.1
59.7,3,6,2,47.3,3,47.0,87.1,15,1,48.5
139.1,6,6,2,46.4,1,100.0,62.0,10,3,66.9
44.0,3,3,0,0.0,1,66.3,47.6,11,1,43.0
116.7,7,7,5,125.3,2,100.0,72.0,9,1,75.2
113.2,6,6,8,195.3,4,97.7,78.7,16,0,83.2
248.1,4,5,9,221.5,9,87.5,78.6,0,3,92.4
163.0,8,9,7,182.7,7,97.0,90.2,12,2,97.4
132.2,1,3,3,74.2,7,65.3,82.9,11,1,71.0
71.7,2,3,1,31.5,4,63.4,62.5,11,6,52.5
190.7,7,9,3,76.5,8,86.9,97.0,20,2,92.0
120.9,4,5,3,75.5,5,92.7,57.3,17,2,80.5
67.2,4,10,0,0.0,0,44.4,70.0,11,3,36.8
141.4,2,4,5,125.6,1,69.5,63.5,15,2,66.0
187.7,8,8,9,231.1,7,100.0,100.0,0,0,97.4
60.3,6,7,2,53.7,4,73.1,77.7,10,2,59.0
164.3,3,4,5,121.5,1,84.1,66.9,9,4,77.8
125.3,5,7,1,29.6,3,78.9,70.3,8,1,62.8
198.7,6,9,7,173.9,7,80.7,100.0,15,1,92.8
147.3,5,5,1,25.7,3,100.0,70.5,1,3,71.7
19.4,0,1,0,0.0,0,3.6,47.4,13,6,7.9
173.3,4,5,6,145.1,6,86.9,73.5,10,3,90.5
178.2,1,4,5,128.5,4,55.6,70.2,13,0,70.8
218.6,6,7,5,128.8,3,93.0,59.2,9,3,87.8
21.3,1,2,0,0.0,0,34.2,27.1,14,3,17.9
172.2,4,5,2,46.5,4,92.3,57.0,23,3,75.2
245.0,4,5,2,47.6,4,89.5,81.9,9,4,76.2
240.1,6,7,7,180.5,5,86.5,89.5,10,1,98.2
80.2,2,3,5,121.2,6,62.4,70.8,11,2,65.6
64.4,2,6,2,40.0,0,49.5,27.5,8,0,27.6
83.7,2,3,2,52.2,2,67.1,74.8,11,3,55.1
17.4,2,3,0,0.0,1,40.6,35.8,10,5,29.9
220.4,2,4,2,51.5,10,71.8,88.7,11,4,81.9
29.4,4,11,1,20.0,1,33.4,40.1,11,3,24.4
249.6,4,5,7,180.2,3,84.5,85.0,13,3,86.6
131.1,4,4,4,111.5,5,100.0,87.9,15,5,85.6
227.1,8,9,6,153.4,9,92.5,87.1,13,1,93.9
123.6,9,9,5,124.6,5,96.0,78.6,12,0,88.7
243.0,3,4,7,170.1,6,76.5,86.3,10,1,90.2
81.3,2,8,0,0.0,0,38.4,36.5,13,2,18.7
65.9,5,6,6,149.9,3,66.3,61.0,15,4,63.6
115.1,3,6,6,152.5,1,66.7,88.9,15,1,61.0
15.5,1,1,1,25.0,1,61.3,14.7,13,4,32.4
37.1,2,3,1,25.0,0,55.6,38.4,9,1,28.9
58.3,3,4,3,95.0,4,65.2,65.2,15,6,60.2
211.4,6,6,3,77.3,5,100.0,83.4,14,0,88.1
154.1,6,7,5,131.4,11,86.5,79.3,14,6,91.4
132.0,9,9,4,106.6,8,99.4,79.4,14,4,90.9
136.3,4,8,2,54.9,3,72.6,75.2,17,3,66.8
93.5,5,11,2,40.0,3,56.7,32.3,11,2,49.6
103.4,3,4,4,101.3,3,81.4,73.3,9,0,68.4
146.1,6,7,2,52.5,3,92.9,45.9,1,2,70.7
8.4,0,1,1,25.0,0,4.7,22.7,16,3,8.6
136.0,3,5,5,122.1,4,82.6,63.4,8,0,69.0
81.8,5,7,4,103.9,4,64.8,58.3,1,2,68.7
134.5,4,5,2,52.8,2,83.1,68.3,13,0,65.9
86.3,3,4,2,54.7,6,77.3,77.6,14,3,64.4
159.0,9,9,7,183.5,4,100.0,89.6,16,0,93.3
234.8,8,8,8,200.0,9,95.8,85.9,10,4,100.0
142.8,9,9,3,79.5,10,100.0,77.2,10,0,89.3
24.1,2,6,1,26.0,0,30.3,37.8,15,6,25.1
56.7,3,3,3,75.0,6,73.0,80.6,14,0,70.8
82.5,3,7,2,40.0,2,55.3,51.5,15,0,37.4
14.4,1,5,0,13.0,2,17.5,43.7,11,6,22.9
5.3,1,2,2,50.0,2,32.6,49.2,8,4,26.4
53.4,1,5,1,20.0,0,31.6,57.3,4,0,25.0
223.5,6,6,7,171.5,12,100.0,87.5,9,1,100.0
73.5,6,7,3,72.7,4,79.2,67.5,14,3,62.7
203.8,6,7,7,171.6,11,90.5,77.9,8,0,93.2
147.6,4,5,5,121.3,4,86.2,75.2,9,3,84.3
125.0,6,7,2,49.9,1,94.0,75.2,7,1,61.9
12.6,1,1,0,0.0,0,73.3,5.0,16,1,23.2
211.5,9,9,3,78.9,9,95.7,100.0,15,2,100.0
22.2,0,1,0,0.0,0,2.2,24.0,15,1,12.7
178.9,8,8,2,63.0,5,99.7,82.6,8,6,89.0
163.8,3,5,5,123.6,4,79.7,71.7,17,4,79.0
136.6,4,4,2,51.8,4,94.3,75.9,18,0,82.3
141.4,6,6,7,183.5,4,100.0,88.8,6,0,82.4
56.8,2,5,0,0.0,1,44.0,52.4,16,3,29.9
33.5,2,5,2,40.0,0,33.1,55.6,8,2,25.7
311.7,8,9,8,204.1,6,97.0,82.8,17,0,96.0
42.5,3,10,1,26.0,0,29.1,65.6,9,6,30.9
192.8,6,8,8,201.2,11,77.0,76.1,17,4,94.8
55.1,4,11,0,0.0,1,37.4,57.9,16,1,33.1
152.1,3,3,4,96.1,3,100.0,79.7,12,2,80.5
155.6,3,3,2,54.3,9,99.6,48.3,16,2,87.4
2.3,0,1,0,0.0,0,7.1,50.1,15,2,2.6
80.6,2,8,1,20.0,1,40.7,52.8,15,2,38.2
95.9,0,5,1,20.0,1,32.8,34.9,8,1,24.6
243.5,3,4,3,77.8,5,83.7,89.2,10,1,86.2
197.8,9,9,8,201.8,6,91.9,78.9,9,1,93.1
30.0,4,4,2,51.5,1,70.7,46.0,10,3,41.4
208.2,7,8,2,52.5,3,86.7,76.8,17,2,78.5
78.0,6,7,5,126.7,5,75.7,49.3,15,2,76.2
173.7,2,6,2,52.6,12,58.7,76.6,9,2,74.8
173.9,6,7,5,120.7,4,98.9,94.9,14,1,95.1
170.0,5,5,5,126.2,7,100.0,88.0,8,0,92.8
142.7,6,7,3,72.0,4,89.6,84.1,12,4,83.1
43.4,2,2,0,0.0,2,69.0,34.3,19,1,39.2
108.2,1,3,5,120.5,3,50.5,83.6,17,3,64.0
116.4,9,9,7,173.6,7,96.4,93.4,17,4,87.7
101.7,5,7,3,74.9,2,84.5,69.8,18,1,59.2
30.0,1,9,0,0.0,0,19.6,45.8,9,3,16.9
195.1,2,3,3,71.4,5,76.4,77.5,17,4,85.9
132.0,4,6,3,76.2,7,81.1,78.0,0,0,71.0
221.6,7,8,7,177.4,4,91.5,85.5,17,3,93.4
98.0,5,6,1,49.4,6,84.5,72.7,19,5,68.2
192.1,3,6,4,97.1,6,63.4,81.4,13,4,81.0
64.7,3,6,1,20.0,0,51.2,40.2,8,1,31.9
